id,movement_number,lot_id,movement_type,origin_location_id,destination_location_id,customer_id,quantity_kg,movement_date,status,remito_number,notes,source_type,source_file,source_sheet,source_row
5da4245a-7d22-36f9-9ba0-126f0449a0b5,XLS-DE-CAMPO-A-FRIO-1001-R2,542b367d-ae28-3cf3-a2f8-e156378497d6,INBOUND,,d93ec8c6-a4ce-3498-9217-8c4eae9dd89f,,35160.000,2026-03-09 00:00:00-03:00,CONFIRMED,1001,b.roja sin tamañar/dtv 13354667-7 | Transporte: serantes-vera,excel_import,Planilla de movimientos 2026.xls,De campo a Frío,2
96fd5400-c4bf-392e-ba34-ec106441171c,XLS-DE-CAMPO-A-FRIO-1002-R3,542b367d-ae28-3cf3-a2f8-e156378497d6,INBOUND,,d93ec8c6-a4ce-3498-9217-8c4eae9dd89f,,34500.000,2026-03-10 00:00:00-03:00,CONFIRMED,1002,b.roja y blancas s/tamañar dtv 13359963-0 | Transporte: serantes-vera,excel_import,Planilla de movimientos 2026.xls,De campo a Frío,3
adf68784-b6d4-3d83-b505-186654abbd84,XLS-DE-CAMPO-A-FRIO-1005-R4,61cb476c-c53e-34cf-b2da-6c4a38ad8f73,INBOUND,,07f3d789-ec0b-31b2-be86-2d20b032ef0b,,3008.000,2026-03-13 00:00:00-03:00,CONFIRMED,1005,desc.bolsa blanca h.blanco. | Transporte: serantes-vera,excel_import,Planilla de movimientos 2026.xls,De campo a Frío,4
a8ffd727-3934-3f19-b272-0a9b7c3a6bbc,XLS-DE-CAMPO-A-FRIO-1006-R5,8fafd75b-1f76-3b8c-97aa-80d3cdea22f7,INBOUND,,d93ec8c6-a4ce-3498-9217-8c4eae9dd89f,,35980.000,2026-03-27 00:00:00-03:00,CONFIRMED,1006,b.blanca-dtv 13451462-0 | Transporte: Camillo Gastón,excel_import,Planilla de movimientos 2026.xls,De campo a Frío,5
71e76fad-6ee3-3767-aca4-e01403ab21d8,XLS-DE-CAMPO-A-FRIO-1007-R6,8fafd75b-1f76-3b8c-97aa-80d3cdea22f7,INBOUND,,d93ec8c6-a4ce-3498-9217-8c4eae9dd89f,,35920.000,2026-03-28 00:00:00-03:00,CONFIRMED,1007,b.blanca-hilo blanco | Transporte: serantes-vera,excel_import,Planilla de movimientos 2026.xls,De campo a Frío,6
da211e66-257d-3507-a74b-115d7e45f9d7,XLS-DE-CAMPO-A-FRIO-1008-R7,7dca38ba-075e-3c45-8cd6-cb00a501b2d4,INBOUND,,d93ec8c6-a4ce-3498-9217-8c4eae9dd89f,,27132.000,2026-03-30 00:00:00-03:00,CONFIRMED,1008,b.varias-hilo amarillo dtv 13462918-5 | Transporte: serantes-vera,excel_import,Planilla de movimientos 2026.xls,De campo a Frío,7
9bee4d65-79dd-3b0f-bfde-7e1bbf8d1b8b,XLS-DE-CAMPO-A-FRIO-1008-R8,0403eb7c-8111-3c85-a97e-8a86937c913d,INBOUND,,d93ec8c6-a4ce-3498-9217-8c4eae9dd89f,,10200.000,2026-03-30 00:00:00-03:00,CONFIRMED,1008,b.varias-hilo verde dtv 13462918-5 | Transporte: serantes-vera,excel_import,Planilla de movimientos 2026.xls,De campo a Frío,8
b7c37bc6-748d-38e5-bf71-04a6c79fe382,XLS-DE-CAMPO-A-FRIO-1009-R9,8fafd75b-1f76-3b8c-97aa-80d3cdea22f7,INBOUND,,07f3d789-ec0b-31b2-be86-2d20b032ef0b,,10200.000,2026-03-29 00:00:00-03:00,CONFIRMED,1009,b.blanca-hilo blanco | Transporte: Camillo Gastón,excel_import,Planilla de movimientos 2026.xls,De campo a Frío,9
a5d0b795-e515-3ca2-959f-ae2a9d4a2361,XLS-DE-CAMPO-A-FRIO-1009-R10,337417f6-c5c0-3bbe-8162-ebd226ac01f1,INBOUND,,07f3d789-ec0b-31b2-be86-2d20b032ef0b,,25000.000,2026-03-29 00:00:00-03:00,CONFIRMED,1009,b.blanca-hilo blanco | Transporte: serantes-vera,excel_import,Planilla de movimientos 2026.xls,De campo a Frío,10
fd78935e-1fbf-3c41-aa49-2020ed445746,XLS-DE-CAMPO-A-FRIO-1010-R11,4147a592-30d5-3625-ae7e-4f5ad7817c6c,INBOUND,,d93ec8c6-a4ce-3498-9217-8c4eae9dd89f,,10703.000,2026-03-30 00:00:00-03:00,CONFIRMED,1010,hilo amarillo | Transporte: serantes-vera,excel_import,Planilla de movimientos 2026.xls,De campo a Frío,11
d65df220-d376-3b28-8e32-ebc02f943b9b,XLS-DE-CAMPO-A-FRIO-1010-R12,6fe104d7-f6e4-3085-95b9-c821d93c5931,INBOUND,,d93ec8c6-a4ce-3498-9217-8c4eae9dd89f,,14651.000,2026-03-30 00:00:00-03:00,CONFIRMED,1010,hilo verde | Transporte: Arenas,excel_import,Planilla de movimientos 2026.xls,De campo a Frío,12
b007daa3-fb3e-33c0-8932-a83fb32532ca,XLS-DE-CAMPO-A-FRIO-1010-R13,d24f84d8-402d-37bc-8cf2-dd85985fce20,INBOUND,,d93ec8c6-a4ce-3498-9217-8c4eae9dd89f,,11560.000,2026-03-30 00:00:00-03:00,CONFIRMED,1010,hilo blanco | Transporte: serantes-vera,excel_import,Planilla de movimientos 2026.xls,De campo a Frío,13
297e8a62-b2f9-3415-a421-6cdb0aed87d6,XLS-DE-CAMPO-A-FRIO-1011-R14,0403eb7c-8111-3c85-a97e-8a86937c913d,INBOUND,,d93ec8c6-a4ce-3498-9217-8c4eae9dd89f,,36540.000,2026-03-31 00:00:00-03:00,CONFIRMED,1011,bolsa blanca -hilo verde s/tamañar | Transporte: serantes-vera,excel_import,Planilla de movimientos 2026.xls,De campo a Frío,14
e480625c-af0f-3d2d-84d5-92b6d095b347,XLS-DE-CAMPO-A-FRIO-1012-R15,0403eb7c-8111-3c85-a97e-8a86937c913d,INBOUND,,d93ec8c6-a4ce-3498-9217-8c4eae9dd89f,,10050.000,2026-03-31 00:00:00-03:00,CONFIRMED,1012,bolsa blanca-hilo verde s/tamañar | Transporte: serantes-vera,excel_import,Planilla de movimientos 2026.xls,De campo a Frío,15
9db94fa2-5d8e-35ee-8970-8d21b4f57896,XLS-DE-CAMPO-A-FRIO-1012-R16,7623f367-941d-3b45-b243-d89959c86d7d,INBOUND,,d93ec8c6-a4ce-3498-9217-8c4eae9dd89f,,26688.000,2026-03-31 00:00:00-03:00,CONFIRMED,1012,bolsa marron | Transporte: Camillo Gastón,excel_import,Planilla de movimientos 2026.xls,De campo a Frío,16
a22ce373-3b37-3e79-a20f-4ef45c6c4ae9,XLS-DE-CAMPO-A-FRIO-1013-R17,0403eb7c-8111-3c85-a97e-8a86937c913d,INBOUND,,07f3d789-ec0b-31b2-be86-2d20b032ef0b,,4347.000,2026-04-11 00:00:00-03:00,CONFIRMED,1013,bolsa blanva dtv 13534780-9 | Transporte: Camillo Gastón,excel_import,Planilla de movimientos 2026.xls,De campo a Frío,17
7cf328b7-2eb2-3a70-966e-37dc5574a15a,XLS-DE-CAMPO-A-FRIO-1013-R18,2199be8e-0c88-3904-8dd5-54461f5ad017,INBOUND,,07f3d789-ec0b-31b2-be86-2d20b032ef0b,,5532.000,2026-04-11 00:00:00-03:00,CONFIRMED,1013,bolsa marron idem dtv | Transporte: serantes-vera,excel_import,Planilla de movimientos 2026.xls,De campo a Frío,18
0535e074-be08-3fa7-b2e7-d416dd9c0f4c,XLS-DE-CAMPO-A-FRIO-1013-R19,2199be8e-0c88-3904-8dd5-54461f5ad017,INBOUND,,d93ec8c6-a4ce-3498-9217-8c4eae9dd89f,,24700.000,2026-04-11 00:00:00-03:00,CONFIRMED,1013,bolsa marron idem dtv | Transporte: serantes-vera,excel_import,Planilla de movimientos 2026.xls,De campo a Frío,19
2bb3e03e-9299-36ad-b570-b9f73a554683,XLS-DE-CAMPO-A-FRIO-1014-R20,2199be8e-0c88-3904-8dd5-54461f5ad017,INBOUND,,d93ec8c6-a4ce-3498-9217-8c4eae9dd89f,,33620.000,2026-04-13 00:00:00-03:00,CONFIRMED,1014,bolsa marron  dtv 13534848-1 | Transporte: Camillo Gastón,excel_import,Planilla de movimientos 2026.xls,De campo a Frío,20
cdaaca9f-7fbd-3a8e-9107-b36cba469dc2,XLS-DE-CAMPO-A-FRIO-1015-R21,2199be8e-0c88-3904-8dd5-54461f5ad017,INBOUND,,d93ec8c6-a4ce-3498-9217-8c4eae9dd89f,,33420.000,2026-04-13 00:00:00-03:00,CONFIRMED,1015,bolsa marron dtv 13536115-1 | Transporte: serantes-vera,excel_import,Planilla de movimientos 2026.xls,De campo a Frío,21
736a90f8-1c67-371b-a5e2-ceab4ac6d217,XLS-INGRESO-TOLVAS-SANTA-ANA-651-R2,d02761e1-2c1d-3402-abe2-7680f44fa538,INBOUND,,083eee98-d2a9-321a-b041-d78a1e5d222f,,40520.000,2026-02-13 00:00:00-03:00,CONFIRMED,651,"0,90 ha 14,4 g /15,4 g | Transporte: camillo/mario",excel_import,Planilla de movimientos 2026.xls,Ingreso Tolvas Santa Ana,2
8bfa26e2-6acb-34cf-ac38-4179dc44b57b,XLS-INGRESO-TOLVAS-SANTA-ANA-652-R3,d02761e1-2c1d-3402-abe2-7680f44fa538,INBOUND,,083eee98-d2a9-321a-b041-d78a1e5d222f,,43220.000,2026-02-14 00:00:00-03:00,CONFIRMED,652,"0,88 ha 14,3g/16,3 g | Transporte: camillo/gaston",excel_import,Planilla de movimientos 2026.xls,Ingreso Tolvas Santa Ana,3
23f0dc22-1c40-3f6d-ace1-33f18841656d,XLS-INGRESO-TOLVAS-SANTA-ANA-653-R4,14e68363-6afc-3b3a-99e7-7f2430ed6ac8,INBOUND,,083eee98-d2a9-321a-b041-d78a1e5d222f,,36940.000,2026-02-14 00:00:00-03:00,CONFIRMED,653,14 g campo/16 g planta | Transporte: camillo/mario,excel_import,Planilla de movimientos 2026.xls,Ingreso Tolvas Santa Ana,4
db416dba-93b0-3b13-8471-1424e5b749d2,XLS-INGRESO-TOLVAS-SANTA-ANA-654-R5,b8c2f046-e5cd-3bd7-9122-e27363e44811,INBOUND,,083eee98-d2a9-321a-b041-d78a1e5d222f,,9000.000,2026-02-16 00:00:00-03:00,CONFIRMED,654,16 g campo/19 g planta | Transporte: arenas/de grandis,excel_import,Planilla de movimientos 2026.xls,Ingreso Tolvas Santa Ana,5
c23ef28f-7759-3cfd-a1c5-6f42940fbd79,XLS-INGRESO-TOLVAS-SANTA-ANA-654-R6,d02761e1-2c1d-3402-abe2-7680f44fa538,INBOUND,,083eee98-d2a9-321a-b041-d78a1e5d222f,,27680.000,2026-02-16 00:00:00-03:00,CONFIRMED,654,16g campo/19 g planta | Transporte: arenas/de grandis,excel_import,Planilla de movimientos 2026.xls,Ingreso Tolvas Santa Ana,6
11ea51f7-e6b0-3bea-b6eb-4307df15ca0b,XLS-INGRESO-TOLVAS-SANTA-ANA-655-R7,b8c2f046-e5cd-3bd7-9122-e27363e44811,INBOUND,,083eee98-d2a9-321a-b041-d78a1e5d222f,,12000.000,2026-02-19 00:00:00-03:00,CONFIRMED,655,"0,95 ha 19 g campo/19 p | Transporte: camillo/gaston",excel_import,Planilla de movimientos 2026.xls,Ingreso Tolvas Santa Ana,7
e5bd7c67-4cdc-358f-9222-c42c80bbd91d,XLS-INGRESO-TOLVAS-SANTA-ANA-655-R8,14d21f14-ad33-321b-85ee-c3659cc97bcc,INBOUND,,083eee98-d2a9-321a-b041-d78a1e5d222f,,30620.000,2026-02-19 00:00:00-03:00,CONFIRMED,655,"0,95 ha 19 g campo/19 p | Transporte: camillo/gaston",excel_import,Planilla de movimientos 2026.xls,Ingreso Tolvas Santa Ana,8
f24cdae0-c7f5-38b5-b2cf-941c6ba61818,XLS-INGRESO-TOLVAS-SANTA-ANA-656-R9,14d21f14-ad33-321b-85ee-c3659cc97bcc,INBOUND,,083eee98-d2a9-321a-b041-d78a1e5d222f,,38380.000,2026-02-19 00:00:00-03:00,CONFIRMED,656,"19,5 g campo/ 19,8 planta | Transporte: camillo/mario",excel_import,Planilla de movimientos 2026.xls,Ingreso Tolvas Santa Ana,9
e1506190-2e9a-3a26-9279-3ec8b6498e85,XLS-INGRESO-TOLVAS-SANTA-ANA-657-R10,14d21f14-ad33-321b-85ee-c3659cc97bcc,INBOUND,,083eee98-d2a9-321a-b041-d78a1e5d222f,,12000.000,2026-02-20 00:00:00-03:00,CONFIRMED,657,14 g campo/17 g planta | Transporte: camillo/gaston,excel_import,Planilla de movimientos 2026.xls,Ingreso Tolvas Santa Ana,10
932ee11c-1faa-35db-91aa-5096609500a7,XLS-INGRESO-TOLVAS-SANTA-ANA-659-R11,b6043be9-31a6-3ea7-8d79-45459bddf6a1,INBOUND,,083eee98-d2a9-321a-b041-d78a1e5d222f,,10000.000,2026-02-23 00:00:00-03:00,CONFIRMED,659,20 grados planta | Transporte: camillo/mario,excel_import,Planilla de movimientos 2026.xls,Ingreso Tolvas Santa Ana,11
2d713e2a-9c4f-395a-869d-5980b059b2f8,XLS-INGRESO-TOLVAS-SANTA-ANA-661-R12,4d6d5cfe-c305-3859-825c-a6ec123a00ef,INBOUND,,083eee98-d2a9-321a-b041-d78a1e5d222f,,43360.000,2026-02-26 00:00:00-03:00,CONFIRMED,661,15 grados planta | Transporte: camillo/gaston,excel_import,Planilla de movimientos 2026.xls,Ingreso Tolvas Santa Ana,12
7fdd9780-8a34-3057-a4ea-7848822c7b3b,XLS-INGRESO-TOLVAS-SANTA-ANA-662-R13,4d6d5cfe-c305-3859-825c-a6ec123a00ef,INBOUND,,083eee98-d2a9-321a-b041-d78a1e5d222f,,29160.000,2026-02-26 00:00:00-03:00,CONFIRMED,662,17 grados planta | Transporte: camillo/mario,excel_import,Planilla de movimientos 2026.xls,Ingreso Tolvas Santa Ana,13
9de53915-ec72-3ce2-9378-72eb8c9cb69d,XLS-INGRESO-TOLVAS-SANTA-ANA-662-R14,25cdcc8c-069f-39cb-b328-222750286b7c,INBOUND,,083eee98-d2a9-321a-b041-d78a1e5d222f,,10000.000,2026-02-26 00:00:00-03:00,CONFIRMED,662,17 grados planta | Transporte: camillo/mario,excel_import,Planilla de movimientos 2026.xls,Ingreso Tolvas Santa Ana,14
deffe288-2008-32e5-8a2d-18c066515af7,XLS-INGRESO-TOLVAS-SANTA-ANA-664-R15,25cdcc8c-069f-39cb-b328-222750286b7c,INBOUND,,083eee98-d2a9-321a-b041-d78a1e5d222f,,32020.000,2026-02-26 00:00:00-03:00,CONFIRMED,664,18 grados en planta | Transporte: arenas/de grandis,excel_import,Planilla de movimientos 2026.xls,Ingreso Tolvas Santa Ana,15
2f9c109a-ed0c-3a77-9284-38837f12bdf5,XLS-INGRESO-TOLVAS-SANTA-ANA-663-R16,25cdcc8c-069f-39cb-b328-222750286b7c,INBOUND,,083eee98-d2a9-321a-b041-d78a1e5d222f,,35520.000,2026-02-27 00:00:00-03:00,CONFIRMED,663,"13,8 grados en planta | Transporte: arenas/jaimez",excel_import,Planilla de movimientos 2026.xls,Ingreso Tolvas Santa Ana,16
33212304-41fa-3495-87d1-51af702316cb,XLS-INGRESO-TOLVAS-SANTA-ANA-698-R17,bef23c17-7448-3eeb-90a6-05b05535b2b0,INBOUND,,083eee98-d2a9-321a-b041-d78a1e5d222f,,40960.000,2026-04-20 00:00:00-03:00,CONFIRMED,698,Transporte: camillo/mario,excel_import,Planilla de movimientos 2026.xls,Ingreso Tolvas Santa Ana,17
4ac629d8-bdfc-3c6e-a762-869199aec18f,XLS-INGRESO-TOLVAS-SANTA-ANA-699-R18,561bed72-1b32-3f1c-a32a-643499646754,INBOUND,,083eee98-d2a9-321a-b041-d78a1e5d222f,,37500.000,2026-04-21 00:00:00-03:00,CONFIRMED,699,Transporte: arenas/jaimez,excel_import,Planilla de movimientos 2026.xls,Ingreso Tolvas Santa Ana,18
a8d38d88-cf5b-3600-b376-c85a9e75d6ea,XLS-INGRESO-TOLVAS-SANTA-ANA-700-R19,561bed72-1b32-3f1c-a32a-643499646754,INBOUND,,083eee98-d2a9-321a-b041-d78a1e5d222f,,39420.000,2026-04-21 00:00:00-03:00,CONFIRMED,700,Transporte: alvaro arenas,excel_import,Planilla de movimientos 2026.xls,Ingreso Tolvas Santa Ana,19
04645542-4baf-3c37-80f8-5026a4525288,XLS-INGRESO-TOLVAS-SANTA-ANA-701-R20,bef23c17-7448-3eeb-90a6-05b05535b2b0,INBOUND,,083eee98-d2a9-321a-b041-d78a1e5d222f,,41100.000,2026-04-21 00:00:00-03:00,CONFIRMED,701,Transporte: camillo/gaston,excel_import,Planilla de movimientos 2026.xls,Ingreso Tolvas Santa Ana,20
70dfa861-64ab-3871-aa75-d3e0bebfb0d7,XLS-INGRESO-TOLVAS-SANTA-ANA-702-R21,19f4f95b-780e-3c2f-84a2-061148973523,INBOUND,,083eee98-d2a9-321a-b041-d78a1e5d222f,,42920.000,2026-04-24 00:00:00-03:00,CONFIRMED,702,Transporte: camillo/mario,excel_import,Planilla de movimientos 2026.xls,Ingreso Tolvas Santa Ana,21
c2719d61-741f-3b8b-8bdb-606cf7381677,XLS-INGRESO-TOLVAS-SANTA-ANA-710-R22,eaad3bc5-a11f-30e3-907d-633e33f8cf10,INBOUND,,083eee98-d2a9-321a-b041-d78a1e5d222f,,39420.000,2026-05-02 00:00:00-03:00,CONFIRMED,710,Transporte: arenas/de grandis,excel_import,Planilla de movimientos 2026.xls,Ingreso Tolvas Santa Ana,22
72021306-86a2-3126-afdf-e5b1eda55be6,XLS-INGRESO-TOLVAS-SANTA-ANA-711-R23,eaad3bc5-a11f-30e3-907d-633e33f8cf10,INBOUND,,083eee98-d2a9-321a-b041-d78a1e5d222f,,42620.000,2026-05-02 00:00:00-03:00,CONFIRMED,711,Transporte: camillo/mario,excel_import,Planilla de movimientos 2026.xls,Ingreso Tolvas Santa Ana,23
998da8da-f55c-3a23-a139-e037be98bc96,XLS-INGRESO-TOLVAS-SANTA-ANA-712-R24,eaad3bc5-a11f-30e3-907d-633e33f8cf10,INBOUND,,083eee98-d2a9-321a-b041-d78a1e5d222f,,43000.000,2026-05-04 00:00:00-03:00,CONFIRMED,712,TODO BOLSON !!! | Transporte: camillo/gaston,excel_import,Planilla de movimientos 2026.xls,Ingreso Tolvas Santa Ana,24
2dd9ac56-0080-36b9-8f5e-30d997dd1e63,XLS-INGRESO-TOLVAS-SANTA-ANA-713-R25,eaad3bc5-a11f-30e3-907d-633e33f8cf10,INBOUND,,083eee98-d2a9-321a-b041-d78a1e5d222f,,37040.000,2026-05-04 00:00:00-03:00,CONFIRMED,713,39 BOLSON + GRIMME | Transporte: arenas/jaimez,excel_import,Planilla de movimientos 2026.xls,Ingreso Tolvas Santa Ana,25
15d6793a-1013-3eee-96ba-b69938919439,XLS-INGRESO-TOLVAS-SANTA-ANA-714-R26,eaad3bc5-a11f-30e3-907d-633e33f8cf10,INBOUND,,083eee98-d2a9-321a-b041-d78a1e5d222f,,43400.000,2026-05-04 00:00:00-03:00,CONFIRMED,714,GRIMME | Transporte: camillo/mario,excel_import,Planilla de movimientos 2026.xls,Ingreso Tolvas Santa Ana,26
5c96ac82-694e-3319-985b-ff56f4d117cb,XLS-INGRESO-TOLVAS-SANTA-ANA-715-R27,b79b5b51-4dd5-33e5-a7a8-9efce267a9da,INBOUND,,083eee98-d2a9-321a-b041-d78a1e5d222f,,36740.000,2026-05-05 00:00:00-03:00,CONFIRMED,715,TODO BOLSON !!! | Transporte: arenas/de grandis,excel_import,Planilla de movimientos 2026.xls,Ingreso Tolvas Santa Ana,27
df8a1aee-3fff-3b0b-b01d-3d1c0d6c69a7,XLS-INGRESO-TOLVAS-SANTA-ANA-716-R28,b79b5b51-4dd5-33e5-a7a8-9efce267a9da,INBOUND,,083eee98-d2a9-321a-b041-d78a1e5d222f,,41200.000,2026-05-05 00:00:00-03:00,CONFIRMED,716,TODO BOLSON !!! | Transporte: camillo/gaston,excel_import,Planilla de movimientos 2026.xls,Ingreso Tolvas Santa Ana,28
2a837a15-faec-3218-b990-de74069a04b6,XLS-INGRESO-TOLVAS-SANTA-ANA-717-R29,b79b5b51-4dd5-33e5-a7a8-9efce267a9da,INBOUND,,083eee98-d2a9-321a-b041-d78a1e5d222f,,38660.000,2026-05-05 00:00:00-03:00,CONFIRMED,717,2 T.GRIMME+BOLSON | Transporte: arenas/jaimez,excel_import,Planilla de movimientos 2026.xls,Ingreso Tolvas Santa Ana,29
d6b5d27d-403e-333c-8f3e-371d1ea83530,XLS-INGRESO-TOLVAS-SANTA-ANA-718-R30,19f4f95b-780e-3c2f-84a2-061148973523,INBOUND,,083eee98-d2a9-321a-b041-d78a1e5d222f,,43000.000,2026-05-06 00:00:00-03:00,CONFIRMED,718,GRIMME | Transporte: camillo/mario,excel_import,Planilla de movimientos 2026.xls,Ingreso Tolvas Santa Ana,30
c269c52d-5fc7-39d8-8a0d-4cb2a99889ac,XLS-INGRESO-TOLVAS-SANTA-ANA-719-R31,0908b843-e365-3766-b52a-ff4d260ac903,INBOUND,,083eee98-d2a9-321a-b041-d78a1e5d222f,,34500.000,2026-05-06 00:00:00-03:00,CONFIRMED,719,GRIMME | Transporte: arenas/de grandis,excel_import,Planilla de movimientos 2026.xls,Ingreso Tolvas Santa Ana,31
f288948c-23a2-37b4-ab46-570ee9e7bb61,XLS-INGRESO-TOLVAS-SANTA-ANA-720-R32,0908b843-e365-3766-b52a-ff4d260ac903,INBOUND,,083eee98-d2a9-321a-b041-d78a1e5d222f,,46820.000,2026-05-07 00:00:00-03:00,CONFIRMED,720,GRIMME | Transporte: camillo/gaston,excel_import,Planilla de movimientos 2026.xls,Ingreso Tolvas Santa Ana,32
3e2b9c2e-8a2e-3bd1-a3b9-3739c3539075,XLS-INGRESO-TOLVAS-SANTA-ANA-725-R33,eaad3bc5-a11f-30e3-907d-633e33f8cf10,INBOUND,,083eee98-d2a9-321a-b041-d78a1e5d222f,,27340.000,2026-05-18 00:00:00-03:00,CONFIRMED,725,pila-bolson-tolva | Transporte: camillo/mario,excel_import,Planilla de movimientos 2026.xls,Ingreso Tolvas Santa Ana,33
7fd9a45b-09f1-35ce-9e03-d9b0a339892c,XLS-INGRESO-TOLVAS-SANTA-ANA-726-R34,eaad3bc5-a11f-30e3-907d-633e33f8cf10,INBOUND,,083eee98-d2a9-321a-b041-d78a1e5d222f,,11400.000,2026-05-18 00:00:00-03:00,CONFIRMED,726,pila-bolson-tolva | Transporte: camillo/gaston,excel_import,Planilla de movimientos 2026.xls,Ingreso Tolvas Santa Ana,34
fd4d53b7-5a6b-3009-a88b-ba63d9766a8d,XLS-INGRESO-TOLVAS-SANTA-ANA-726-R35,321479d3-9daa-3961-80a0-63479a27490f,INBOUND,,083eee98-d2a9-321a-b041-d78a1e5d222f,,24600.000,2026-05-18 00:00:00-03:00,CONFIRMED,726,pila-bolson-tolva-paraguay | Transporte: camillo/gaston,excel_import,Planilla de movimientos 2026.xls,Ingreso Tolvas Santa Ana,35
85b81d12-4b8f-3dba-b358-7a0bd379ac8b,XLS-INGRESO-TOLVAS-SANTA-ANA-727-R36,eaad3bc5-a11f-30e3-907d-633e33f8cf10,INBOUND,,083eee98-d2a9-321a-b041-d78a1e5d222f,,21620.000,2026-05-18 00:00:00-03:00,CONFIRMED,727,pila-bolson-tolva | Transporte: arenas/jaimez,excel_import,Planilla de movimientos 2026.xls,Ingreso Tolvas Santa Ana,36
e2206116-d715-3ec7-967b-993032e06ffe,XLS-INGRESO-TOLVAS-SANTA-ANA-727-R37,321479d3-9daa-3961-80a0-63479a27490f,INBOUND,,083eee98-d2a9-321a-b041-d78a1e5d222f,,9840.000,2026-05-18 00:00:00-03:00,CONFIRMED,727,pila-bolson-tolva-paraguay | Transporte: arenas/jaimez,excel_import,Planilla de movimientos 2026.xls,Ingreso Tolvas Santa Ana,37
7d9a8068-dc93-3178-babb-9babd43ae391,XLS-INGRESO-TOLVAS-SANTA-ANA-729-R38,bef23c17-7448-3eeb-90a6-05b05535b2b0,INBOUND,,083eee98-d2a9-321a-b041-d78a1e5d222f,,40840.000,2026-05-20 00:00:00-03:00,CONFIRMED,729,pila-bolson-tolva-paraguay | Transporte: camillo/gaston,excel_import,Planilla de movimientos 2026.xls,Ingreso Tolvas Santa Ana,38
13f3cae0-d7c9-33a5-8b98-a4c7f8c5694a,XLS-INGRESO-TOLVAS-SANTA-ANA-730-R39,321479d3-9daa-3961-80a0-63479a27490f,INBOUND,,083eee98-d2a9-321a-b041-d78a1e5d222f,,33180.000,2026-05-20 00:00:00-03:00,CONFIRMED,730,pila-bolson-tolva | Transporte: arenas/jaimez,excel_import,Planilla de movimientos 2026.xls,Ingreso Tolvas Santa Ana,39
1a71a074-411c-38fc-9e44-a46df9bd32ea,XLS-INGRESO-TOLVAS-SANTA-ANA-731-R40,bef23c17-7448-3eeb-90a6-05b05535b2b0,INBOUND,,083eee98-d2a9-321a-b041-d78a1e5d222f,,34980.000,2026-05-21 00:00:00-03:00,CONFIRMED,731,pila-bolson-tolva-paraguay | Transporte: arenas/de grandis,excel_import,Planilla de movimientos 2026.xls,Ingreso Tolvas Santa Ana,40
e1534015-7e70-387f-833f-e22888850dae,XLS-INGRESO-TOLVAS-SANTA-ANA-732-R41,bef23c17-7448-3eeb-90a6-05b05535b2b0,INBOUND,,083eee98-d2a9-321a-b041-d78a1e5d222f,,11400.000,2026-05-21 00:00:00-03:00,CONFIRMED,732,pila-bolson-tolva-paraguay | Transporte: camillo/gaston,excel_import,Planilla de movimientos 2026.xls,Ingreso Tolvas Santa Ana,41
d45f9e7c-0675-3817-9733-3a3557fd9e3a,XLS-INGRESO-TOLVAS-SANTA-ANA-732-R42,bef23c17-7448-3eeb-90a6-05b05535b2b0,INBOUND,,083eee98-d2a9-321a-b041-d78a1e5d222f,,36360.000,2026-05-21 00:00:00-03:00,CONFIRMED,732,sac.disco-sin estacionar | Transporte: camillo/gaston,excel_import,Planilla de movimientos 2026.xls,Ingreso Tolvas Santa Ana,42
67399df8-a4ec-3729-9325-c8394015d47f,XLS-INGRESO-TOLVAS-SANTA-ANA-733-R43,bef23c17-7448-3eeb-90a6-05b05535b2b0,INBOUND,,083eee98-d2a9-321a-b041-d78a1e5d222f,,39620.000,2026-05-22 00:00:00-03:00,CONFIRMED,733,sac.disco-sin estacionar | Transporte: arenas/jaimez,excel_import,Planilla de movimientos 2026.xls,Ingreso Tolvas Santa Ana,43
ba5e033e-a448-3b8a-ab59-e0b94e578310,XLS-INGRESO-TOLVAS-SANTA-ANA-736-R44,bef23c17-7448-3eeb-90a6-05b05535b2b0,INBOUND,,083eee98-d2a9-321a-b041-d78a1e5d222f,,38860.000,2026-05-25 00:00:00-03:00,CONFIRMED,736,18 bol.monton +resto pila | Transporte: camillo/gaston,excel_import,Planilla de movimientos 2026.xls,Ingreso Tolvas Santa Ana,44
66cde4c6-4e3e-3a43-bcf4-5bfc38259faa,XLS-INGRESO-TOLVAS-SANTA-ANA-737-R45,321479d3-9daa-3961-80a0-63479a27490f,INBOUND,,083eee98-d2a9-321a-b041-d78a1e5d222f,,10500.000,2026-05-25 00:00:00-03:00,CONFIRMED,737,16 b pila-resto monton | Transporte: arenas/jaimez,excel_import,Planilla de movimientos 2026.xls,Ingreso Tolvas Santa Ana,45
0368239f-f7da-34c9-83a4-3f68904f381d,XLS-INGRESO-TOLVAS-SANTA-ANA-737-R46,561bed72-1b32-3f1c-a32a-643499646754,INBOUND,,083eee98-d2a9-321a-b041-d78a1e5d222f,,25960.000,2026-05-25 00:00:00-03:00,CONFIRMED,737,idem | Transporte: arenas/jaimez,excel_import,Planilla de movimientos 2026.xls,Ingreso Tolvas Santa Ana,46
8982c716-6ab1-3b43-98d5-619b1b59bfad,XLS-INGRESO-TOLVAS-SANTA-ANA-236-R47,3bae3254-2fce-3776-b9ba-07d7253f20af,INBOUND,,083eee98-d2a9-321a-b041-d78a1e5d222f,,41200.000,2026-05-26 00:00:00-03:00,CONFIRMED,236,MONTON -PAMPA CHICA | Transporte: camillo/mario,excel_import,Planilla de movimientos 2026.xls,Ingreso Tolvas Santa Ana,47
5b30f4d8-74d1-3fff-a00b-bfd07db8fcf5,XLS-INGRESO-TOLVAS-SANTA-ANA-738-R48,321479d3-9daa-3961-80a0-63479a27490f,INBOUND,,083eee98-d2a9-321a-b041-d78a1e5d222f,,44720.000,2026-05-27 00:00:00-03:00,CONFIRMED,738,peludo-bolson-galpon | Transporte: camillo/gaston,excel_import,Planilla de movimientos 2026.xls,Ingreso Tolvas Santa Ana,48
89c8c84b-98fb-3887-9f93-5c16338d7b2d,XLS-INGRESO-TOLVAS-SANTA-ANA-739-R49,7b8bf962-2b92-38eb-8262-63f3f8fcfc5e,INBOUND,,083eee98-d2a9-321a-b041-d78a1e5d222f,,37520.000,2026-05-28 00:00:00-03:00,CONFIRMED,739,peludo-bolson-galpon | Transporte: arenas/jaimez,excel_import,Planilla de movimientos 2026.xls,Ingreso Tolvas Santa Ana,49
d8ede85c-77bb-36a3-a5bd-3f89af246f96,XLS-INGRESO-TOLVAS-SANTA-ANA-740-R50,7b8bf962-2b92-38eb-8262-63f3f8fcfc5e,INBOUND,,083eee98-d2a9-321a-b041-d78a1e5d222f,,41260.000,2026-05-28 00:00:00-03:00,CONFIRMED,740,peludo-bolson-galpon | Transporte: camillo/mario,excel_import,Planilla de movimientos 2026.xls,Ingreso Tolvas Santa Ana,50
40748594-d2dc-3bb4-8f3c-57e407293859,XLS-INGRESO-TOLVAS-SANTA-ANA-741-R51,6ec9978c-021b-3d85-8f28-8ac651a7d321,INBOUND,,083eee98-d2a9-321a-b041-d78a1e5d222f,,45680.000,2026-05-29 00:00:00-03:00,CONFIRMED,741,peludo-bolson-galpon | Transporte: camillo/gaston,excel_import,Planilla de movimientos 2026.xls,Ingreso Tolvas Santa Ana,51
ece004c9-14d6-3615-9ed9-b05a39781164,XLS-INGRESO-TOLVAS-SANTA-ANA-742-R52,7b8bf962-2b92-38eb-8262-63f3f8fcfc5e,INBOUND,,083eee98-d2a9-321a-b041-d78a1e5d222f,,39400.000,2026-05-30 00:00:00-03:00,CONFIRMED,742,peludo-bolson-galpon | Transporte: arenas/jaimez,excel_import,Planilla de movimientos 2026.xls,Ingreso Tolvas Santa Ana,52
ede2ce20-6443-3f8c-9c42-128bd498b4ec,XLS-INGRESO-TOLVAS-SANTA-ANA-743-R53,7b8bf962-2b92-38eb-8262-63f3f8fcfc5e,INBOUND,,083eee98-d2a9-321a-b041-d78a1e5d222f,,43420.000,2026-06-01 00:00:00-03:00,CONFIRMED,743,peludo-bolson-galpon | Transporte: camillo/mario,excel_import,Planilla de movimientos 2026.xls,Ingreso Tolvas Santa Ana,53
6e7d2144-e3a4-3f06-9c2c-bf22bbb6218a,XLS-INGRESO-TOLVAS-SANTA-ANA-746-R54,321479d3-9daa-3961-80a0-63479a27490f,INBOUND,,083eee98-d2a9-321a-b041-d78a1e5d222f,,48780.000,2026-06-03 00:00:00-03:00,CONFIRMED,746,GRIMME | Transporte: camillo/gaston,excel_import,Planilla de movimientos 2026.xls,Ingreso Tolvas Santa Ana,54
569c83eb-08d5-3003-a967-a0eb023f91d8,XLS-INGRESO-TOLVAS-SANTA-ANA-747-R55,19f4f95b-780e-3c2f-84a2-061148973523,INBOUND,,083eee98-d2a9-321a-b041-d78a1e5d222f,,9500.000,2026-06-04 00:00:00-03:00,CONFIRMED,747,16 bolson-peludo-tolva | Transporte: arenas/jaimez,excel_import,Planilla de movimientos 2026.xls,Ingreso Tolvas Santa Ana,55
09456244-52cb-35ca-92c5-179557ebe750,XLS-INGRESO-TOLVAS-SANTA-ANA-747-R56,2fae7047-f0c3-3524-a66f-ab0b86cde64e,INBOUND,,083eee98-d2a9-321a-b041-d78a1e5d222f,,28840.000,2026-06-04 00:00:00-03:00,CONFIRMED,747,51 bolson-peludo-tolva | Transporte: arenas/jaimez,excel_import,Planilla de movimientos 2026.xls,Ingreso Tolvas Santa Ana,56
e226883a-63aa-3ca6-9c70-a6e44a88c451,XLS-INGRESO-TOLVAS-SANTA-ANA-748-R57,2fae7047-f0c3-3524-a66f-ab0b86cde64e,INBOUND,,083eee98-d2a9-321a-b041-d78a1e5d222f,,44860.000,2026-06-05 00:00:00-03:00,CONFIRMED,748,56 bolson+ 2 tol.grimme | Transporte: camillo/gaston,excel_import,Planilla de movimientos 2026.xls,Ingreso Tolvas Santa Ana,57
637946c5-71a5-322b-b94a-103b25a2fe5f,XLS-INGRESO-TOLVAS-SANTA-ANA-749-R58,c90f4cec-ce8f-35f2-9d74-a1247eecb696,INBOUND,,083eee98-d2a9-321a-b041-d78a1e5d222f,,39860.000,2026-06-11 00:00:00-03:00,CONFIRMED,749,44 b.peludo+grimme | Transporte: camillo/gaston,excel_import,Planilla de movimientos 2026.xls,Ingreso Tolvas Santa Ana,58
9361b352-3a98-3492-862e-84b058d034aa,XLS-INGRESO-TOLVAS-SANTA-ANA-751-R59,321479d3-9daa-3961-80a0-63479a27490f,INBOUND,,083eee98-d2a9-321a-b041-d78a1e5d222f,,25600.000,2026-06-12 00:00:00-03:00,CONFIRMED,751,Transporte: camillo/mario,excel_import,Planilla de movimientos 2026.xls,Ingreso Tolvas Santa Ana,59
c11b47d0-01e5-3b4e-b512-9e2af2a1206c,XLS-INGRESO-TOLVAS-SANTA-ANA-752-R60,0908b843-e365-3766-b52a-ff4d260ac903,INBOUND,,083eee98-d2a9-321a-b041-d78a1e5d222f,,26180.000,2026-06-12 00:00:00-03:00,CONFIRMED,752,Transporte: arenas/jaimez,excel_import,Planilla de movimientos 2026.xls,Ingreso Tolvas Santa Ana,60
3a88f427-9626-35dc-bedf-43bad819ad8f,XLS-INGRESO-TOLVAS-SANTA-ANA-753-R61,0908b843-e365-3766-b52a-ff4d260ac903,INBOUND,,083eee98-d2a9-321a-b041-d78a1e5d222f,,25200.000,2026-06-15 00:00:00-03:00,CONFIRMED,753,42 bolsones | Transporte: camillo/gaston,excel_import,Planilla de movimientos 2026.xls,Ingreso Tolvas Santa Ana,61
220f8a9b-ad69-3f66-924c-477b1022738a,XLS-INGRESO-TOLVAS-SANTA-ANA-754-R62,6a7cd702-4dfb-3502-89be-673d1d5c6502,INBOUND,,083eee98-d2a9-321a-b041-d78a1e5d222f,,26700.000,2026-06-16 00:00:00-03:00,CONFIRMED,754,GRIMME | Transporte: camillo/gaston,excel_import,Planilla de movimientos 2026.xls,Ingreso Tolvas Santa Ana,62
bc1c4cf7-0524-3491-b0d3-95db65298db1,XLS-INGRESO-TOLVAS-SANTA-ANA-755-R63,6a7cd702-4dfb-3502-89be-673d1d5c6502,INBOUND,,083eee98-d2a9-321a-b041-d78a1e5d222f,,40860.000,2026-06-17 00:00:00-03:00,CONFIRMED,755,GRIMME | Transporte: camillo/mario,excel_import,Planilla de movimientos 2026.xls,Ingreso Tolvas Santa Ana,63
55b2b0f9-11c0-3abb-85da-49fa89fba79f,XLS-INGRESO-TOLVAS-SANTA-ANA-756-R64,6a7cd702-4dfb-3502-89be-673d1d5c6502,INBOUND,,083eee98-d2a9-321a-b041-d78a1e5d222f,,36640.000,2026-06-17 00:00:00-03:00,CONFIRMED,756,GRIMME | Transporte: arenas/jaimez,excel_import,Planilla de movimientos 2026.xls,Ingreso Tolvas Santa Ana,64
0d4a9936-1ba4-3cb0-aecc-e67b319365ab,XLS-INGRESO-TOLVAS-SANTA-ANA-764-R65,f57ec31d-57b1-3181-b78a-7ffd0bfc8787,INBOUND,,083eee98-d2a9-321a-b041-d78a1e5d222f,,28974.000,2026-07-23 00:00:00-03:00,CONFIRMED,764,GRIMME | Transporte: camillo(gaston),excel_import,Planilla de movimientos 2026.xls,Ingreso Tolvas Santa Ana,65
12f2000a-108e-3043-b261-224be2e6a6a0,XLS-INGRESO-TOLVAS-SANTA-ANA-765-R66,f57ec31d-57b1-3181-b78a-7ffd0bfc8787,INBOUND,,083eee98-d2a9-321a-b041-d78a1e5d222f,,28280.000,2026-07-27 00:00:00-03:00,CONFIRMED,765,GRIMME | Transporte: alvaro arenas,excel_import,Planilla de movimientos 2026.xls,Ingreso Tolvas Santa Ana,66
269faf88-c6c9-3da6-8bcf-db896292a6b0,XLS-ENV-A-FRIO-805-R2,d02761e1-2c1d-3402-abe2-7680f44fa538,INBOUND,,d93ec8c6-a4ce-3498-9217-8c4eae9dd89f,,29120.000,2026-02-13 00:00:00-03:00,CONFIRMED,805,bolsa blanca-hilo negro dtv 13250335-4 | Transporte: alvaro arenas,excel_import,Planilla de movimientos 2026.xls,Env a Frio,2
702725c9-e4e8-34d7-8deb-d8e0c76cc943,XLS-ENV-A-FRIO-806-R3,d02761e1-2c1d-3402-abe2-7680f44fa538,INBOUND,,d93ec8c6-a4ce-3498-9217-8c4eae9dd89f,,27640.000,2026-02-14 00:00:00-03:00,CONFIRMED,806,BOlsa blanca-hilo negro dtv 13252720-2 | Transporte: cerone(raphael),excel_import,Planilla de movimientos 2026.xls,Env a Frio,3
9334efb7-2f67-3e2c-ab50-8979a5a13296,XLS-ENV-A-FRIO-807-R4,d02761e1-2c1d-3402-abe2-7680f44fa538,INBOUND,,d93ec8c6-a4ce-3498-9217-8c4eae9dd89f,,4543.000,2026-02-16 00:00:00-03:00,CONFIRMED,807,bolsa blanca-hilo negro dtv 13257973-3 | Transporte: cerone(sotelo),excel_import,Planilla de movimientos 2026.xls,Env a Frio,4
173f0c51-61ba-38e8-b6a1-86c4b7bdda64,XLS-ENV-A-FRIO-807-R5,14e68363-6afc-3b3a-99e7-7f2430ed6ac8,INBOUND,,d93ec8c6-a4ce-3498-9217-8c4eae9dd89f,,26434.000,2026-02-16 00:00:00-03:00,CONFIRMED,807,bolsa blanca-hilo rojo dtv 13257973-3 | Transporte: cerone(sotelo),excel_import,Planilla de movimientos 2026.xls,Env a Frio,5
7ea44fef-f115-3961-be9d-8f691b767f2c,XLS-ENV-A-FRIO-808-R6,d02761e1-2c1d-3402-abe2-7680f44fa538,INBOUND,,d93ec8c6-a4ce-3498-9217-8c4eae9dd89f,,13970.000,2026-02-16 00:00:00-03:00,CONFIRMED,808,bolsa blanca-hilo negro dtv 13258734-5 | Transporte: alvaro arenas,excel_import,Planilla de movimientos 2026.xls,Env a Frio,6
abbce227-e29d-3901-bc7d-798eb87aede6,XLS-ENV-A-FRIO-808-R7,b8c2f046-e5cd-3bd7-9122-e27363e44811,INBOUND,,d93ec8c6-a4ce-3498-9217-8c4eae9dd89f,,7590.000,2026-02-16 00:00:00-03:00,CONFIRMED,808,bolsa blanca-hilo verde dtv 13258734-5 | Transporte: alvaro arenas,excel_import,Planilla de movimientos 2026.xls,Env a Frio,7
7776d3c2-4ff0-35a2-bf63-8d07e62c9948,XLS-ENV-A-FRIO-809-R8,14e68363-6afc-3b3a-99e7-7f2430ed6ac8,INBOUND,,d93ec8c6-a4ce-3498-9217-8c4eae9dd89f,,4554.000,2026-02-18 00:00:00-03:00,CONFIRMED,809,bolsa blanca-hilo rojo dtv 13265915-5 | Transporte: alvaro arenas,excel_import,Planilla de movimientos 2026.xls,Env a Frio,8
d5a9a101-497d-3a4b-afe3-a1e30878ad72,XLS-ENV-A-FRIO-809-R9,d02761e1-2c1d-3402-abe2-7680f44fa538,INBOUND,,d93ec8c6-a4ce-3498-9217-8c4eae9dd89f,,5184.000,2026-02-18 00:00:00-03:00,CONFIRMED,809,bolsa blanca-hilo negro dtv 13265915-5 | Transporte: alvaro arenas,excel_import,Planilla de movimientos 2026.xls,Env a Frio,9
296ca747-cb03-36d4-9a69-48483cba58a0,XLS-ENV-A-FRIO-810-R10,14d21f14-ad33-321b-85ee-c3659cc97bcc,INBOUND,,d93ec8c6-a4ce-3498-9217-8c4eae9dd89f,,20702.000,2026-02-19 00:00:00-03:00,CONFIRMED,810,bolsa blanca-hilo blanco dtv 13274816-0 | Transporte: cerone(raphael),excel_import,Planilla de movimientos 2026.xls,Env a Frio,10
ddb6e7ff-1643-34ce-8c24-707ce2f78934,XLS-ENV-A-FRIO-810-R11,b8c2f046-e5cd-3bd7-9122-e27363e44811,INBOUND,,d93ec8c6-a4ce-3498-9217-8c4eae9dd89f,,10633.000,2026-02-19 00:00:00-03:00,CONFIRMED,810,bolsa blanca-hilo verde dtv 13274816-0 | Transporte: cerone(raphael),excel_import,Planilla de movimientos 2026.xls,Env a Frio,11
0f8acc79-2f7a-30e2-9781-c34cc086e98e,XLS-ENV-A-FRIO-811-R12,14d21f14-ad33-321b-85ee-c3659cc97bcc,INBOUND,,d93ec8c6-a4ce-3498-9217-8c4eae9dd89f,,27970.000,2026-02-20 00:00:00-03:00,CONFIRMED,811,bolsa blanca-hilo blanco dtv 13275968-5 | Transporte: cerone(sotelo),excel_import,Planilla de movimientos 2026.xls,Env a Frio,12
b1f25470-423e-3612-8979-a608a24689b5,XLS-ENV-A-FRIO-811-R13,14d21f14-ad33-321b-85ee-c3659cc97bcc,INBOUND,,d93ec8c6-a4ce-3498-9217-8c4eae9dd89f,,2470.000,2026-02-20 00:00:00-03:00,CONFIRMED,811,bolsa blanca-hilo blanco dtv 13275968-5 | Transporte: cerone(sotelo),excel_import,Planilla de movimientos 2026.xls,Env a Frio,13
8e9f135c-00bb-36d5-a7b0-e622aab210a4,XLS-ENV-A-FRIO-819-R14,25cdcc8c-069f-39cb-b328-222750286b7c,INBOUND,,d93ec8c6-a4ce-3498-9217-8c4eae9dd89f,,7605.000,2026-02-27 00:00:00-03:00,CONFIRMED,819,bolsa verde-hilo negro | Transporte: cerone(raphael),excel_import,Planilla de movimientos 2026.xls,Env a Frio,14
a3a6498a-9649-3120-9c11-d768b4bfc5e2,XLS-ENV-A-FRIO-820-R15,25cdcc8c-069f-39cb-b328-222750286b7c,INBOUND,,d93ec8c6-a4ce-3498-9217-8c4eae9dd89f,,30460.000,2026-02-27 00:00:00-03:00,CONFIRMED,820,bolsa verde-hilo negro dtv 13312627-9 | Transporte: cerone(raphael),excel_import,Planilla de movimientos 2026.xls,Env a Frio,15
decc70cc-8ca0-3e16-b586-75963ea82e27,XLS-ENV-A-FRIO-821-R16,25cdcc8c-069f-39cb-b328-222750286b7c,INBOUND,,d93ec8c6-a4ce-3498-9217-8c4eae9dd89f,,28700.000,2026-02-28 00:00:00-03:00,CONFIRMED,821,bolsa verde-hilo negro dtv 13324401-8 | Transporte: alvaro arenas,excel_import,Planilla de movimientos 2026.xls,Env a Frio,16
b19e0b53-ca9d-377e-8700-9e3e030f6630,XLS-ENV-A-FRIO-822-R17,25cdcc8c-069f-39cb-b328-222750286b7c,INBOUND,,d93ec8c6-a4ce-3498-9217-8c4eae9dd89f,,8700.000,2026-03-02 00:00:00-03:00,CONFIRMED,822,bolsa verde-hilo negro dtv 13324451-4 | Transporte: cerone(sotelo),excel_import,Planilla de movimientos 2026.xls,Env a Frio,17
3d505aad-a849-3a40-890e-60f71a3753b9,XLS-ENV-A-FRIO-822-R18,2fe003af-6d20-3506-ae3d-17e6023054d9,INBOUND,,d93ec8c6-a4ce-3498-9217-8c4eae9dd89f,,7878.000,2026-03-02 00:00:00-03:00,CONFIRMED,822,bolsa blanca-hilo celeste dtv 13324451-4 | Transporte: cerone(sotelo),excel_import,Planilla de movimientos 2026.xls,Env a Frio,18
9daaa59e-af93-3972-853e-b3d3bd1a595c,XLS-ENV-A-FRIO-828-R19,ff756869-cf84-3e9c-8a59-416853e8d042,INBOUND,,d93ec8c6-a4ce-3498-9217-8c4eae9dd89f,,7070.000,2026-03-11 00:00:00-03:00,CONFIRMED,828,bolsa roja-hilo marrron dtv 13375303-6 | Transporte: fran cambronera,excel_import,Planilla de movimientos 2026.xls,Env a Frio,19
8e18626a-afa5-3524-85f8-da3856ca98f4,XLS-ENV-A-FRIO-829-R20,4d6d5cfe-c305-3859-825c-a6ec123a00ef,INBOUND,,d93ec8c6-a4ce-3498-9217-8c4eae9dd89f,,6822.000,2026-03-12 00:00:00-03:00,CONFIRMED,829,bolsa verde-hilo blanco dtv 13375184-5 | Transporte: cerone(raphael),excel_import,Planilla de movimientos 2026.xls,Env a Frio,20
0b36e040-3c3c-34f5-ba59-bbc2a91d1578,XLS-ENV-A-FRIO-829-R21,25cdcc8c-069f-39cb-b328-222750286b7c,INBOUND,,d93ec8c6-a4ce-3498-9217-8c4eae9dd89f,,19751.000,2026-03-12 00:00:00-03:00,CONFIRMED,829,bolsa verde-hilo negro dtv idem | Transporte: cerone(raphael),excel_import,Planilla de movimientos 2026.xls,Env a Frio,21
f6b9ce9d-8162-3643-a218-a508498293c2,XLS-ENV-A-FRIO-829-R22,25cdcc8c-069f-39cb-b328-222750286b7c,INBOUND,,d93ec8c6-a4ce-3498-9217-8c4eae9dd89f,,925.000,2026-03-12 00:00:00-03:00,CONFIRMED,829,bolsa papasud x 25kg cepillada dtv idem | Transporte: cerone(raphael),excel_import,Planilla de movimientos 2026.xls,Env a Frio,22
044dd502-a10e-3034-ae2d-1e6b3c52d566,XLS-ENV-A-FRIO-830-R23,ff756869-cf84-3e9c-8a59-416853e8d042,INBOUND,,d93ec8c6-a4ce-3498-9217-8c4eae9dd89f,,31540.000,2026-03-12 00:00:00-03:00,CONFIRMED,830,bolsa roja-hilo marrron dtv 13380469-2 | Transporte: cerone(sotelo),excel_import,Planilla de movimientos 2026.xls,Env a Frio,23
5fa02136-d9ed-3e62-aff8-d4aa36cccf68,XLS-ENV-A-FRIO-S-REMITO-R24,6ee02268-e466-3646-b7c8-014f8aa69b58,INBOUND,,07f3d789-ec0b-31b2-be86-2d20b032ef0b,,27700.000,2026-04-01 00:00:00-03:00,CONFIRMED,s/remito,b.verde-h.verde  vuelve al galpon p/brasil | Transporte: cerone(raphael),excel_import,Planilla de movimientos 2026.xls,Env a Frio,24
129f975a-b4c1-3a00-8e15-d3bd9b7f828e,XLS-ENV-A-FRIO-838-R25,8fafd75b-1f76-3b8c-97aa-80d3cdea22f7,INBOUND,,e19becd6-3196-3358-91f5-efd95375a947,,6854.000,2026-04-02 00:00:00-03:00,CONFIRMED,838,bolsa blanca-hilo blanco | Transporte: cerone(sotelo),excel_import,Planilla de movimientos 2026.xls,Env a Frio,25
67b2fd2b-dd74-36a5-b1f1-9a9a089f043b,XLS-ENV-A-FRIO-839-R26,23df5407-592e-3a61-99f5-b9cadaf16c82,INBOUND,,d93ec8c6-a4ce-3498-9217-8c4eae9dd89f,,19857.000,2026-04-02 00:00:00-03:00,CONFIRMED,839,bolsa amarilla-hilo amarillo dtv 13488644-7 | Transporte: cerone(raphael),excel_import,Planilla de movimientos 2026.xls,Env a Frio,26
1eae5c1d-112c-38a0-a3c4-363dabd35138,XLS-ENV-A-FRIO-839-R27,337417f6-c5c0-3bbe-8162-ebd226ac01f1,INBOUND,,d93ec8c6-a4ce-3498-9217-8c4eae9dd89f,,5500.000,2026-04-02 00:00:00-03:00,CONFIRMED,839,bolsa verde-hilo amarillo | Transporte: cerone(raphael),excel_import,Planilla de movimientos 2026.xls,Env a Frio,27
e1a3a6bd-8c09-3de5-8e15-dc3cbe7479be,XLS-ENV-A-FRIO-840-R28,2f1a8373-a8c2-3537-b022-e2e85a9cabae,INBOUND,,d93ec8c6-a4ce-3498-9217-8c4eae9dd89f,,24310.000,2026-04-13 00:00:00-03:00,CONFIRMED,840,bolsa roja-hilo negro | Transporte: cerone(raphael),excel_import,Planilla de movimientos 2026.xls,Env a Frio,28
32131935-d48a-3992-be16-f08dec4a76f9,XLS-ENV-A-FRIO-840-R29,8fafd75b-1f76-3b8c-97aa-80d3cdea22f7,INBOUND,,d93ec8c6-a4ce-3498-9217-8c4eae9dd89f,,7747.000,2026-04-13 00:00:00-03:00,CONFIRMED,840,bolsa blanca-hilo blanco | Transporte: cerone(raphael),excel_import,Planilla de movimientos 2026.xls,Env a Frio,29
b4500a34-067d-3bc8-b019-7590ae01a06f,XLS-ENV-A-FRIO-841-R30,8fafd75b-1f76-3b8c-97aa-80d3cdea22f7,INBOUND,,e19becd6-3196-3358-91f5-efd95375a947,,18745.000,2026-04-14 00:00:00-03:00,CONFIRMED,841,bolsa blanca-hilo blanco | Transporte: fran cambronera,excel_import,Planilla de movimientos 2026.xls,Env a Frio,30
1119f805-82ec-354f-be9a-d27d66e0ec6a,XLS-ENV-A-FRIO-841-R31,561bed72-1b32-3f1c-a32a-643499646754,INBOUND,,e19becd6-3196-3358-91f5-efd95375a947,,11277.000,2026-04-14 00:00:00-03:00,CONFIRMED,841,bolsa roja-hilo verde claro | Transporte: fran cambronera,excel_import,Planilla de movimientos 2026.xls,Env a Frio,31
2cad688b-40ea-3d1c-ae27-4b2086d06996,XLS-ENV-A-FRIO-842-R32,561bed72-1b32-3f1c-a32a-643499646754,INBOUND,,e19becd6-3196-3358-91f5-efd95375a947,,14934.000,2026-04-14 00:00:00-03:00,CONFIRMED,842,bolsa roja-hilo verde claro | Transporte: cerone(sotelo),excel_import,Planilla de movimientos 2026.xls,Env a Frio,32
3881cfbd-27b0-3ba8-ab51-536d5528ad05,XLS-ENV-A-FRIO-842-R33,2f1a8373-a8c2-3537-b022-e2e85a9cabae,INBOUND,,e19becd6-3196-3358-91f5-efd95375a947,,12676.000,2026-04-14 00:00:00-03:00,CONFIRMED,842,bolsa roja-hilo negro | Transporte: cerone(sotelo),excel_import,Planilla de movimientos 2026.xls,Env a Frio,33
c302f721-1235-3ed9-84bc-747d2acdb506,XLS-ENV-A-FRIO-842-R34,9400389c-790a-3bb7-8284-83531d71657f,INBOUND,,e19becd6-3196-3358-91f5-efd95375a947,,3541.000,2026-04-14 00:00:00-03:00,CONFIRMED,842,bolsa roja-hilo celeste | Transporte: cerone(sotelo),excel_import,Planilla de movimientos 2026.xls,Env a Frio,34
0f34dd0d-3281-329e-9616-a08ad47bad86,XLS-ENV-A-FRIO-843-R35,561bed72-1b32-3f1c-a32a-643499646754,INBOUND,,d93ec8c6-a4ce-3498-9217-8c4eae9dd89f,,32060.000,2026-04-17 00:00:00-03:00,CONFIRMED,843,bolsa roja-hilo blanco dtv 13565336-5 | Transporte: cerone(sotelo),excel_import,Planilla de movimientos 2026.xls,Env a Frio,35
fbf2ca42-11f0-37b3-8837-0b0fdbfef193,XLS-ENV-A-FRIO-844-R36,561bed72-1b32-3f1c-a32a-643499646754,INBOUND,,d93ec8c6-a4ce-3498-9217-8c4eae9dd89f,,31920.000,2026-04-17 00:00:00-03:00,CONFIRMED,844,bolsa roja-hilo blanco dtv 13568357-4 | Transporte: cerone(raphael),excel_import,Planilla de movimientos 2026.xls,Env a Frio,36
d9eaa356-b289-36b7-8e8c-0189b60ea761,XLS-ENV-A-FRIO-855-R37,db8b0140-e298-3098-8512-062e02745b86,INBOUND,,d93ec8c6-a4ce-3498-9217-8c4eae9dd89f,,31460.000,2026-04-25 00:00:00-03:00,CONFIRMED,855,bolsa blanca-hilo amarillo dtv 13608380-5 | Transporte: cerone(sotelo),excel_import,Planilla de movimientos 2026.xls,Env a Frio,37
4ba38f75-c8c1-3407-ac15-85244131d919,XLS-ENV-A-FRIO-856-R38,60c1c0f5-7ba5-3287-a079-482cdcb1d196,INBOUND,,d93ec8c6-a4ce-3498-9217-8c4eae9dd89f,,30400.000,2026-04-25 00:00:00-03:00,CONFIRMED,856,bolsa blanca-hilo amarillo dtv 13611549-9 | Transporte: cerone(raphael),excel_import,Planilla de movimientos 2026.xls,Env a Frio,38
f3286a0b-a0a8-397f-b43a-9d4b168ecbe0,XLS-ENV-A-FRIO-857-R39,60c1c0f5-7ba5-3287-a079-482cdcb1d196,INBOUND,,d93ec8c6-a4ce-3498-9217-8c4eae9dd89f,,30720.000,2026-04-27 00:00:00-03:00,CONFIRMED,857,bolsa blanca y roja -h.amarillo 13615788-4 | Transporte: fran cambronera,excel_import,Planilla de movimientos 2026.xls,Env a Frio,39
96fea0f0-46f3-3968-9d68-7432c170f933,XLS-ENV-A-FRIO-858-R40,60c1c0f5-7ba5-3287-a079-482cdcb1d196,INBOUND,,d93ec8c6-a4ce-3498-9217-8c4eae9dd89f,,31180.000,2026-04-27 00:00:00-03:00,CONFIRMED,858,bolsa roja-h.amarillo dtv 13615936-4 | Transporte: cerone(sotelo),excel_import,Planilla de movimientos 2026.xls,Env a Frio,40
ff86fae3-cee0-33d2-a572-62075e218c79,XLS-ENV-A-FRIO-859-R41,60c1c0f5-7ba5-3287-a079-482cdcb1d196,INBOUND,,d93ec8c6-a4ce-3498-9217-8c4eae9dd89f,,9439.000,2026-04-27 00:00:00-03:00,CONFIRMED,859,bolsa roja-hilo amarillo | Transporte: cerone(raphael),excel_import,Planilla de movimientos 2026.xls,Env a Frio,41
1b8ee966-7f30-32a7-b97a-8e8c724c3d69,XLS-ENV-A-FRIO-859-R42,337417f6-c5c0-3bbe-8162-ebd226ac01f1,INBOUND,,d93ec8c6-a4ce-3498-9217-8c4eae9dd89f,,2917.000,2026-04-27 00:00:00-03:00,CONFIRMED,859,bolsa verde-hilo amarillo | Transporte: cerone(raphael),excel_import,Planilla de movimientos 2026.xls,Env a Frio,42
2ed4a8b5-38d1-34eb-a844-f96cef8b1afe,XLS-ENV-A-FRIO-859-R43,2199be8e-0c88-3904-8dd5-54461f5ad017,INBOUND,,d93ec8c6-a4ce-3498-9217-8c4eae9dd89f,,5444.000,2026-04-27 00:00:00-03:00,CONFIRMED,859,bolsa marron-hilo blanco | Transporte: cerone(raphael),excel_import,Planilla de movimientos 2026.xls,Env a Frio,43
9c5a958e-4847-3c9e-9d16-6fac16cf5b8d,XLS-ENV-A-FRIO-859-R44,0403eb7c-8111-3c85-a97e-8a86937c913d,INBOUND,,d93ec8c6-a4ce-3498-9217-8c4eae9dd89f,,4278.000,2026-04-27 00:00:00-03:00,CONFIRMED,859,bolsa blanca-hilo verde | Transporte: cerone(raphael),excel_import,Planilla de movimientos 2026.xls,Env a Frio,44
6aef81b7-3ae6-3359-b0df-8c0243b19b4d,XLS-ENV-A-FRIO-860-R45,eaad3bc5-a11f-30e3-907d-633e33f8cf10,INBOUND,,d93ec8c6-a4ce-3498-9217-8c4eae9dd89f,,30920.000,2026-05-01 00:00:00-03:00,CONFIRMED,860,bolsa negra-hilo verde dtv 13641313-9 | Transporte: fran cambronera,excel_import,Planilla de movimientos 2026.xls,Env a Frio,45
9ced749f-be37-318d-a8fe-557117a082f4,XLS-ENV-A-FRIO-861-R46,eaad3bc5-a11f-30e3-907d-633e33f8cf10,INBOUND,,d93ec8c6-a4ce-3498-9217-8c4eae9dd89f,,32060.000,2026-05-02 00:00:00-03:00,CONFIRMED,861,bolsa negra y blanca-h.verde 13643183-8 | Transporte: cerone(sotelo),excel_import,Planilla de movimientos 2026.xls,Env a Frio,46
c9e071b6-f6b4-30e9-a20c-946d3eeb45a4,XLS-ENV-A-FRIO-734-R47,bef23c17-7448-3eeb-90a6-05b05535b2b0,INBOUND,,d457d108-643f-3540-9c8c-9083f8ff1efb,,40860.000,2026-05-23 00:00:00-03:00,CONFIRMED,734,Transporte: camillo(mario),excel_import,Planilla de movimientos 2026.xls,Env a Frio,47
6a60c111-085b-3766-978e-539a97c7e42c,XLS-ENV-A-FRIO-735-R48,bef23c17-7448-3eeb-90a6-05b05535b2b0,INBOUND,,d457d108-643f-3540-9c8c-9083f8ff1efb,,36140.000,2026-05-23 00:00:00-03:00,CONFIRMED,735,Transporte: arenas(de grandis),excel_import,Planilla de movimientos 2026.xls,Env a Frio,48
5ddf51e5-6180-3e1a-a853-293942b89e92,XLS-ENV-A-FRIO-877-R49,321479d3-9daa-3961-80a0-63479a27490f,INBOUND,,d93ec8c6-a4ce-3498-9217-8c4eae9dd89f,,8065.000,2026-05-25 00:00:00-03:00,CONFIRMED,877,B.AMARILLA USADA C/TARJ. 13784910-0 | Transporte: cerone((raphael),excel_import,Planilla de movimientos 2026.xls,Env a Frio,49
c0a170ae-b1f7-33c9-8ddd-09f4baec52fb,XLS-ENV-A-FRIO-877-R50,bef23c17-7448-3eeb-90a6-05b05535b2b0,INBOUND,,d93ec8c6-a4ce-3498-9217-8c4eae9dd89f,,18934.000,2026-05-25 00:00:00-03:00,CONFIRMED,877,B.BLANCA USADA C/ALGU.TARJ 13784910-0 | Transporte: cerone(raphael),excel_import,Planilla de movimientos 2026.xls,Env a Frio,50
67117114-fb5e-3e97-b596-4e7bea75dd9b,XLS-ENV-A-FRIO-878-R51,321479d3-9daa-3961-80a0-63479a27490f,INBOUND,,d93ec8c6-a4ce-3498-9217-8c4eae9dd89f,,30480.000,2026-05-27 00:00:00-03:00,CONFIRMED,878,b.b nueva-h.b.-alguna tarj.daifla 352 x error | Transporte: fran cambronera,excel_import,Planilla de movimientos 2026.xls,Env a Frio,51
85a52880-4de1-3226-8bca-5615110836e4,XLS-ENV-A-FRIO-246-R52,3bae3254-2fce-3776-b9ba-07d7253f20af,INBOUND,,d457d108-643f-3540-9c8c-9083f8ff1efb,,40800.000,2026-06-01 00:00:00-03:00,CONFIRMED,246,de pampa chica a belmonte | Transporte: camillo(mario),excel_import,Planilla de movimientos 2026.xls,Env a Frio,52
9927ff95-6b30-3ed4-bb50-d831089d4152,XLS-ENV-A-FRIO-882-R53,3a1641a2-395b-3d00-9702-edf65a18b402,INBOUND,,d93ec8c6-a4ce-3498-9217-8c4eae9dd89f,,24544.000,2026-06-02 00:00:00-03:00,CONFIRMED,882,b.naranja-h.verde dtv 13840687-3 | Transporte: fran cambronera,excel_import,Planilla de movimientos 2026.xls,Env a Frio,53
5549c7b0-06ba-3166-a2cd-5dff5aeedca3,XLS-ENV-A-FRIO-883-R54,0db8d9bb-1412-3da3-b599-53076bc105fe,INBOUND,,e19becd6-3196-3358-91f5-efd95375a947,,31620.000,2026-06-02 00:00:00-03:00,CONFIRMED,883,b.naranja-h.blanco dtv 13839055-1 | Transporte: cerone(sotelo),excel_import,Planilla de movimientos 2026.xls,Env a Frio,54
11bf3f2a-ca9a-3637-9aa0-131aebfc331a,XLS-ENV-A-FRIO-884-R55,321479d3-9daa-3961-80a0-63479a27490f,INBOUND,,e19becd6-3196-3358-91f5-efd95375a947,,29600.000,2026-06-03 00:00:00-03:00,CONFIRMED,884,b.blanca-hilo amarillo-dtv 13844762-6 | Transporte: cerone(sotelo),excel_import,Planilla de movimientos 2026.xls,Env a Frio,55
13b5b143-9ea7-3570-87a2-46cb446860b0,XLS-ENV-A-FRIO-885-R56,22a5c8b2-8879-36e8-91eb-1ba744822e36,INBOUND,,e19becd6-3196-3358-91f5-efd95375a947,,30720.000,2026-06-03 00:00:00-03:00,CONFIRMED,885,b.naranja-hilo blanco dtv 13848365-7 | Transporte: cerone(raphael),excel_import,Planilla de movimientos 2026.xls,Env a Frio,56
1884b655-5594-3829-a34e-23bfd89d68ba,XLS-ENV-A-FRIO-886-R57,22a5c8b2-8879-36e8-91eb-1ba744822e36,INBOUND,,e19becd6-3196-3358-91f5-efd95375a947,,13656.000,2026-06-03 00:00:00-03:00,CONFIRMED,886,b.naranja-hilo blanco dtv 13848832-2 | Transporte: cerone(sotelo),excel_import,Planilla de movimientos 2026.xls,Env a Frio,57
3196f564-14a9-3d61-8cf6-f653a6b3a220,XLS-ENV-A-FRIO-886-R58,19b5fb58-5f81-3dfb-835a-7aa0ccac6038,INBOUND,,e19becd6-3196-3358-91f5-efd95375a947,,17380.000,2026-06-03 00:00:00-03:00,CONFIRMED,886,b.naranja-hilo negro dtv 13848832-2 | Transporte: cerone(sotelo),excel_import,Planilla de movimientos 2026.xls,Env a Frio,58
8556abff-d2e7-31e9-bbbf-b13ad83e7930,XLS-ENV-A-FRIO-889-R59,2fae7047-f0c3-3524-a66f-ab0b86cde64e,INBOUND,,d93ec8c6-a4ce-3498-9217-8c4eae9dd89f,,29720.000,2026-06-06 00:00:00-03:00,CONFIRMED,889,b.blanca-h.negro dtv 13870340-1 | Transporte: cerone(sotelo),excel_import,Planilla de movimientos 2026.xls,Env a Frio,59
6fc4a6e2-17ed-36c3-a7ee-652a4d8df147,XLS-ENV-A-FRIO-900-R60,008e3648-be71-3b11-a11b-101046943e42,INBOUND,,e19becd6-3196-3358-91f5-efd95375a947,,25092.000,2026-06-20 00:00:00-03:00,CONFIRMED,900,b.roja-hilo negro | Transporte: fran cambronera,excel_import,Planilla de movimientos 2026.xls,Env a Frio,60
6cb4b90e-f262-35cd-ad4f-f7c28036e91e,XLS-ENV-A-FRIO-901-R61,008e3648-be71-3b11-a11b-101046943e42,INBOUND,,d93ec8c6-a4ce-3498-9217-8c4eae9dd89f,,9820.000,2026-06-20 00:00:00-03:00,CONFIRMED,901,b.roja-h.negro | Transporte: cerone(raphael),excel_import,Planilla de movimientos 2026.xls,Env a Frio,61
aa588309-cfac-3dd8-9afd-5905856ca4d9,XLS-ENV-A-FRIO-901-R62,f57ec31d-57b1-3181-b78a-7ffd0bfc8787,INBOUND,,d93ec8c6-a4ce-3498-9217-8c4eae9dd89f,,21350.000,2026-06-20 00:00:00-03:00,CONFIRMED,901,b.roja-h.amarillo | Transporte: cerone(raphael),excel_import,Planilla de movimientos 2026.xls,Env a Frio,62
be0e92ca-1b43-3628-b3d0-d59687bd1b89,XLS-ENV-A-FRIO-902-R63,f57ec31d-57b1-3181-b78a-7ffd0bfc8787,INBOUND,,d93ec8c6-a4ce-3498-9217-8c4eae9dd89f,,614.000,2026-06-22 00:00:00-03:00,CONFIRMED,902,b.roja-h.amarillo | Transporte: cerone(sotelo),excel_import,Planilla de movimientos 2026.xls,Env a Frio,63
bc8cac3d-587a-3f9c-8d70-89ffdc6346b7,XLS-ENV-A-FRIO-902-R64,008e3648-be71-3b11-a11b-101046943e42,INBOUND,,d93ec8c6-a4ce-3498-9217-8c4eae9dd89f,,32640.000,2026-06-22 00:00:00-03:00,CONFIRMED,902,b.roja-h.negro | Transporte: cerone(sotelo),excel_import,Planilla de movimientos 2026.xls,Env a Frio,64
c12d6adc-9607-36d9-b366-c72268aa4a40,XLS-ENV-A-FRIO-903-R65,008e3648-be71-3b11-a11b-101046943e42,INBOUND,,e19becd6-3196-3358-91f5-efd95375a947,,7068.000,2026-06-22 00:00:00-03:00,CONFIRMED,903,b.roja-h.negro | Transporte: fran cambronera,excel_import,Planilla de movimientos 2026.xls,Env a Frio,65
35db3b88-3fe2-3ac1-9f70-ce57bd008f7d,XLS-ENV-A-FRIO-903-R66,f57ec31d-57b1-3181-b78a-7ffd0bfc8787,INBOUND,,e19becd6-3196-3358-91f5-efd95375a947,,24340.000,2026-06-22 00:00:00-03:00,CONFIRMED,903,b.roja-h.amarillo | Transporte: fran cambronera,excel_import,Planilla de movimientos 2026.xls,Env a Frio,66
255a22fe-c013-3560-85c4-403547d26bf7,XLS-ENV-A-FRIO-904-R67,f57ec31d-57b1-3181-b78a-7ffd0bfc8787,INBOUND,,e19becd6-3196-3358-91f5-efd95375a947,,21670.000,2026-06-23 00:00:00-03:00,CONFIRMED,904,b.roja-h.amarillo | Transporte: cerone(raphael),excel_import,Planilla de movimientos 2026.xls,Env a Frio,67
3e4e966e-f6c8-3713-8681-f89bf37c89c3,XLS-ENV-A-FRIO-904-R68,19b5fb58-5f81-3dfb-835a-7aa0ccac6038,INBOUND,,e19becd6-3196-3358-91f5-efd95375a947,,9966.000,2026-06-23 00:00:00-03:00,CONFIRMED,904,b.naranja-h.negro | Transporte: cerone(raphael),excel_import,Planilla de movimientos 2026.xls,Env a Frio,68
4db41754-3952-39e7-90e5-bf80dd6ab096,XLS-ENV-A-FRIO-905-R69,9a89e974-a839-3324-8bdc-53d55031b24e,INBOUND,,e19becd6-3196-3358-91f5-efd95375a947,,30640.000,2026-06-23 00:00:00-03:00,CONFIRMED,905,b.verde-h.blanco | Transporte: fran cambronera,excel_import,Planilla de movimientos 2026.xls,Env a Frio,69
4e21a4da-e4a6-3385-b417-c23a69012819,XLS-ENV-A-FRIO-906-R70,9a89e974-a839-3324-8bdc-53d55031b24e,INBOUND,,d93ec8c6-a4ce-3498-9217-8c4eae9dd89f,,7735.000,2026-06-24 00:00:00-03:00,CONFIRMED,906,b.verde-h.blanco | Transporte: cerone(raphael),excel_import,Planilla de movimientos 2026.xls,Env a Frio,70
0a5e4033-9048-3448-b73f-27c64db12f29,XLS-ENV-A-FRIO-969-R71,3a1641a2-395b-3d00-9702-edf65a18b402,INBOUND,,d93ec8c6-a4ce-3498-9217-8c4eae9dd89f,,12186.000,2026-07-24 00:00:00-03:00,CONFIRMED,969,b.naranja-hilo negro vuelve al frio(honduras | Transporte: camillo(mario),excel_import,Planilla de movimientos 2026.xls,Env a Frio,71
3a487ce7-d622-3207-88c4-eab06da035b9,XLS-ENV-A-FRIO-980-R72,3a1641a2-395b-3d00-9702-edf65a18b402,INBOUND,,d93ec8c6-a4ce-3498-9217-8c4eae9dd89f,,12240.000,2026-09-28 00:00:00-03:00,CONFIRMED,980,b.naranja-hilo negro (honduras) | Transporte: camillo(mario),excel_import,Planilla de movimientos 2026.xls,Env a Frio,72
f3ccbbd4-be61-38b3-a1c1-93a897ceb094,XLS-INGRESO-TREVELIN-24-R2,96ae7edc-5874-3936-95d3-c82175c38413,INBOUND,,e170af69-5bb5-3df8-90e0-4304692f015f,,36629.000,2026-03-16 00:00:00-03:00,CONFIRMED,24,F2/G2 | Transporte: s.garcia(verdicchio),excel_import,Planilla de movimientos 2026.xls,Ingreso  Trevelin,2
2e352fde-7e77-310d-a483-c364e158fac7,XLS-INGRESO-TREVELIN-25-R3,96ae7edc-5874-3936-95d3-c82175c38413,INBOUND,,e170af69-5bb5-3df8-90e0-4304692f015f,,35380.000,2026-03-26 00:00:00-03:00,CONFIRMED,25,F3/G3 | Transporte: s.garcia(scho),excel_import,Planilla de movimientos 2026.xls,Ingreso  Trevelin,3
8d01f8d4-f828-3eae-998a-8c012d42e086,XLS-INGRESO-TREVELIN-26-R4,96ae7edc-5874-3936-95d3-c82175c38413,INBOUND,,e170af69-5bb5-3df8-90e0-4304692f015f,,35960.000,2026-03-26 00:00:00-03:00,CONFIRMED,26,F4/G4 | Transporte: s.garcia(stadler),excel_import,Planilla de movimientos 2026.xls,Ingreso  Trevelin,4
96ee4a28-efec-385d-8e20-aee42f3d6727,XLS-INGRESO-TREVELIN-27-R5,96ae7edc-5874-3936-95d3-c82175c38413,INBOUND,,e170af69-5bb5-3df8-90e0-4304692f015f,,17400.000,2026-03-27 00:00:00-03:00,CONFIRMED,27,F5/G5 | Transporte: s.garcia(verdicchio),excel_import,Planilla de movimientos 2026.xls,Ingreso  Trevelin,5
16b5991e-e2f0-3ed5-b39c-9ac24d758315,XLS-INGRESO-TREVELIN-27-R6,798866ae-3568-3161-bd0d-25578b9f4c3a,INBOUND,,e170af69-5bb5-3df8-90e0-4304692f015f,,18143.000,2026-03-27 00:00:00-03:00,CONFIRMED,27,F6/G6 | Transporte: s.garcia(verdicchio),excel_import,Planilla de movimientos 2026.xls,Ingreso  Trevelin,6
7318b35b-dcb2-37a6-83f4-a2d9e85b2eb5,XLS-INGRESO-TREVELIN-28-R7,33675e3d-b465-33bc-8c04-8cca89758247,INBOUND,,e170af69-5bb5-3df8-90e0-4304692f015f,,32440.000,2026-03-25 00:00:00-03:00,CONFIRMED,28,F7/G7 | Transporte: coronado lautaro,excel_import,Planilla de movimientos 2026.xls,Ingreso  Trevelin,7
30d512c2-9d59-303a-b491-7970dffcf28a,XLS-INGRESO-TREVELIN-29-R8,96ae7edc-5874-3936-95d3-c82175c38413,INBOUND,,e170af69-5bb5-3df8-90e0-4304692f015f,,5195.000,2026-03-27 00:00:00-03:00,CONFIRMED,29,F8/G8 | Transporte: pizzuti,excel_import,Planilla de movimientos 2026.xls,Ingreso  Trevelin,8
f83bac60-733c-37d7-8755-6005c7162584,XLS-INGRESO-TREVELIN-29-R9,798866ae-3568-3161-bd0d-25578b9f4c3a,INBOUND,,e170af69-5bb5-3df8-90e0-4304692f015f,,4927.000,2026-03-27 00:00:00-03:00,CONFIRMED,29,F9/G9 | Transporte: pizzuti,excel_import,Planilla de movimientos 2026.xls,Ingreso  Trevelin,9
8d7580e0-8248-303d-84c4-56c8faf5afa2,XLS-INGRESO-TREVELIN-29-R10,33675e3d-b465-33bc-8c04-8cca89758247,INBOUND,,e170af69-5bb5-3df8-90e0-4304692f015f,,24155.000,2026-03-27 00:00:00-03:00,CONFIRMED,29,F10/G10 | Transporte: pizzuti,excel_import,Planilla de movimientos 2026.xls,Ingreso  Trevelin,10
fd68b6c9-7782-3597-93b0-d60ed01e0160,XLS-INGRESO-TREVELIN-30-R11,305b524d-13ca-3f9e-94f7-401ead23f92c,INBOUND,,e170af69-5bb5-3df8-90e0-4304692f015f,,33220.000,2026-03-30 00:00:00-03:00,CONFIRMED,30,F11/G11 | Transporte: coronado santiago,excel_import,Planilla de movimientos 2026.xls,Ingreso  Trevelin,11
41bc1e12-22fe-3fd9-ac73-108720e1ba52,XLS-INGRESO-TREVELIN-31-R12,305b524d-13ca-3f9e-94f7-401ead23f92c,INBOUND,,e170af69-5bb5-3df8-90e0-4304692f015f,,33500.000,2026-03-28 00:00:00-03:00,CONFIRMED,31,F12/G12 | Transporte: rastellini (godoy),excel_import,Planilla de movimientos 2026.xls,Ingreso  Trevelin,12
690b0fad-95d3-3b79-9d89-e04326824c57,XLS-INGRESO-TREVELIN-32-R13,305b524d-13ca-3f9e-94f7-401ead23f92c,INBOUND,,e170af69-5bb5-3df8-90e0-4304692f015f,,34495.000,2026-03-28 00:00:00-03:00,CONFIRMED,32,F13/G13 | Transporte: rastellini (luis),excel_import,Planilla de movimientos 2026.xls,Ingreso  Trevelin,13
621db006-12ec-3bd0-8578-c06db8c1ae67,XLS-INGRESO-TREVELIN-32-R14,33675e3d-b465-33bc-8c04-8cca89758247,INBOUND,,e170af69-5bb5-3df8-90e0-4304692f015f,,967.000,2026-03-28 00:00:00-03:00,CONFIRMED,32,F14/G14 | Transporte: rastellini(luis),excel_import,Planilla de movimientos 2026.xls,Ingreso  Trevelin,14
90d8eeaa-a15f-3e9c-825a-417859c93483,XLS-INGRESO-TREVELIN-34-R15,33675e3d-b465-33bc-8c04-8cca89758247,INBOUND,,e170af69-5bb5-3df8-90e0-4304692f015f,,22180.000,2026-03-30 00:00:00-03:00,CONFIRMED,34,F15/G15 | Transporte: s.garcia(navarro),excel_import,Planilla de movimientos 2026.xls,Ingreso  Trevelin,15
030f991c-9b54-3a13-a11f-bf37aecd0ce1,XLS-INGRESO-TREVELIN-34-R16,446524e4-d713-35fb-b925-aefef8362723,INBOUND,,e170af69-5bb5-3df8-90e0-4304692f015f,,13457.000,2026-03-30 00:00:00-03:00,CONFIRMED,34,F16/G16 | Transporte: s.garcia (navarro),excel_import,Planilla de movimientos 2026.xls,Ingreso  Trevelin,16
2b88a127-26f6-35d0-befa-6257a2c11df8,XLS-INGRESO-TREVELIN-36-R17,e63fd28b-9849-3c36-886b-4dc2e524c128,INBOUND,,e170af69-5bb5-3df8-90e0-4304692f015f,,5983.000,2026-04-01 00:00:00-03:00,CONFIRMED,36,F17/G17 | Transporte: el salvador,excel_import,Planilla de movimientos 2026.xls,Ingreso  Trevelin,17
f209d5ad-da30-3379-865c-5b6c9f24fa77,XLS-INGRESO-TREVELIN-36-R18,2ff56447-597d-3c39-a66d-b9a6a4b5a438,INBOUND,,e170af69-5bb5-3df8-90e0-4304692f015f,,12397.000,2026-04-01 00:00:00-03:00,CONFIRMED,36,F18/G18 | Transporte: el salvador,excel_import,Planilla de movimientos 2026.xls,Ingreso  Trevelin,18
d14d5ad8-18bd-398a-b538-847b327916f3,XLS-INGRESO-TREVELIN-36-R19,32c56305-c99e-3800-9aea-7464b55b4ed8,INBOUND,,e170af69-5bb5-3df8-90e0-4304692f015f,,3880.000,2026-04-01 00:00:00-03:00,CONFIRMED,36,F19/G19 | Transporte: el salvador,excel_import,Planilla de movimientos 2026.xls,Ingreso  Trevelin,19
98dfafc9-56e5-3f73-97d2-317eeedad4dd,XLS-INGRESO-TREVELIN-36-R20,b0baa927-ee57-373f-a256-b41767e5251a,INBOUND,,e170af69-5bb5-3df8-90e0-4304692f015f,,1132.000,2026-04-01 00:00:00-03:00,CONFIRMED,36,F20/G20 | Transporte: el salvador,excel_import,Planilla de movimientos 2026.xls,Ingreso  Trevelin,20
d1bc8a53-4a66-3b49-9222-e72ae9b7ea60,XLS-INGRESO-TREVELIN-36-R21,ae2160be-6766-3de1-ae36-1e8613246eeb,INBOUND,,e170af69-5bb5-3df8-90e0-4304692f015f,,2425.000,2026-04-01 00:00:00-03:00,CONFIRMED,36,F21/G21 | Transporte: el salvador,excel_import,Planilla de movimientos 2026.xls,Ingreso  Trevelin,21
854ed9c8-972b-3f9b-9350-97309e6d4c3c,XLS-INGRESO-TREVELIN-36-R22,38c415b3-17f7-3f37-b630-7d2a0b7f095a,INBOUND,,e170af69-5bb5-3df8-90e0-4304692f015f,,1725.000,2026-04-01 00:00:00-03:00,CONFIRMED,36,F22/G22 | Transporte: el salvador,excel_import,Planilla de movimientos 2026.xls,Ingreso  Trevelin,22
5ff64789-1616-30cb-a246-fe2ea377fc33,XLS-INGRESO-TREVELIN-36-R23,d2ba6425-6aea-3e1b-bcc7-104038b8099d,INBOUND,,e170af69-5bb5-3df8-90e0-4304692f015f,,3072.000,2026-04-01 00:00:00-03:00,CONFIRMED,36,F23/G23 | Transporte: el salvador,excel_import,Planilla de movimientos 2026.xls,Ingreso  Trevelin,23
ed4ae3e2-fae8-3c7d-9da2-815b9fd2334e,XLS-INGRESO-TREVELIN-36-R24,1de49859-a8a0-3217-827c-2b6b725afd3f,INBOUND,,e170af69-5bb5-3df8-90e0-4304692f015f,,754.000,2026-04-01 00:00:00-03:00,CONFIRMED,36,F24/G24 | Transporte: el salvador,excel_import,Planilla de movimientos 2026.xls,Ingreso  Trevelin,24
72d64636-60c3-3c63-9c61-fa97f9d5b3aa,XLS-INGRESO-TREVELIN-36-R25,60c2ff7c-c5b0-3a34-a334-d51bb5f7643f,INBOUND,,e170af69-5bb5-3df8-90e0-4304692f015f,,2857.000,2026-04-01 00:00:00-03:00,CONFIRMED,36,F25/G25 | Transporte: el salvador,excel_import,Planilla de movimientos 2026.xls,Ingreso  Trevelin,25
560fd402-0bfd-32a4-958b-5c1fd6bd4c4e,XLS-INGRESO-TREVELIN-36-R26,88373a7e-ff24-339c-92b3-3701a387fa25,INBOUND,,e170af69-5bb5-3df8-90e0-4304692f015f,,1994.000,2026-04-01 00:00:00-03:00,CONFIRMED,36,F26/G26 | Transporte: el salvador,excel_import,Planilla de movimientos 2026.xls,Ingreso  Trevelin,26
d0b22ed5-8192-3d0d-a316-fd855be3b0ba,XLS-INGRESO-TREVELIN-36-R27,5f824ae9-a968-3947-bb27-d315d7a745e0,INBOUND,,e170af69-5bb5-3df8-90e0-4304692f015f,,54.000,2026-04-01 00:00:00-03:00,CONFIRMED,36,F27/G27 | Transporte: el salvador,excel_import,Planilla de movimientos 2026.xls,Ingreso  Trevelin,27
33d988e4-646b-3f99-8a77-f2dc65feee13,XLS-INGRESO-TREVELIN-37-R28,722d9a6b-cdcb-38db-b416-3cce3490c01a,INBOUND,,e170af69-5bb5-3df8-90e0-4304692f015f,,6980.000,2026-04-02 00:00:00-03:00,CONFIRMED,37,F28/G28 | Transporte: walter gonzalez,excel_import,Planilla de movimientos 2026.xls,Ingreso  Trevelin,28
034f8252-f641-3cd1-8a64-da17cb5e97c9,XLS-INGRESO-TREVELIN-37-R29,1de49859-a8a0-3217-827c-2b6b725afd3f,INBOUND,,e170af69-5bb5-3df8-90e0-4304692f015f,,714.000,2026-04-02 00:00:00-03:00,CONFIRMED,37,F29/G29 | Transporte: walter gonzalez,excel_import,Planilla de movimientos 2026.xls,Ingreso  Trevelin,29
030087a3-5654-30a9-9b47-1cc0b6ef7fbe,XLS-INGRESO-TREVELIN-37-R30,b0baa927-ee57-373f-a256-b41767e5251a,INBOUND,,e170af69-5bb5-3df8-90e0-4304692f015f,,3188.000,2026-04-02 00:00:00-03:00,CONFIRMED,37,F30/G30 | Transporte: walter gonzalez,excel_import,Planilla de movimientos 2026.xls,Ingreso  Trevelin,30
1b438c7b-4f0c-30a6-acb6-cffea490f318,XLS-INGRESO-TREVELIN-37-R31,bb894553-a233-3616-bd35-71207339444b,INBOUND,,e170af69-5bb5-3df8-90e0-4304692f015f,,3737.000,2026-04-02 00:00:00-03:00,CONFIRMED,37,F31/G31 | Transporte: walter gonzalez,excel_import,Planilla de movimientos 2026.xls,Ingreso  Trevelin,31
f7b2b1c3-c37b-3ecb-adcd-a7966af57cea,XLS-INGRESO-TREVELIN-37-R32,94af9a98-e700-307a-9682-dfb30973f013,INBOUND,,e170af69-5bb5-3df8-90e0-4304692f015f,,2143.000,2026-04-02 00:00:00-03:00,CONFIRMED,37,F32/G32 | Transporte: walter gonzalez,excel_import,Planilla de movimientos 2026.xls,Ingreso  Trevelin,32
ced1a695-068f-37f9-bcd4-7ff166adebb8,XLS-INGRESO-TREVELIN-37-R33,fe913fa1-3e8d-3887-8f09-81f5aea09baf,INBOUND,,e170af69-5bb5-3df8-90e0-4304692f015f,,3023.000,2026-04-02 00:00:00-03:00,CONFIRMED,37,F33/G33 | Transporte: walter gonzalez,excel_import,Planilla de movimientos 2026.xls,Ingreso  Trevelin,33
226eac88-ac67-37ea-8388-06b83eebf53b,XLS-INGRESO-TREVELIN-37-R34,ba6fab76-8635-3371-a16d-2d0052453b57,INBOUND,,e170af69-5bb5-3df8-90e0-4304692f015f,,1814.000,2026-04-02 00:00:00-03:00,CONFIRMED,37,F34/G34 | Transporte: walter gonzalez,excel_import,Planilla de movimientos 2026.xls,Ingreso  Trevelin,34
9352fd09-ae89-3948-a383-55b2356f3bbf,XLS-INGRESO-TREVELIN-37-R35,a9a3da90-4f82-3432-a867-5a524e52acfa,INBOUND,,e170af69-5bb5-3df8-90e0-4304692f015f,,1264.000,2026-04-02 00:00:00-03:00,CONFIRMED,37,F35/G35 | Transporte: walter gonzalez,excel_import,Planilla de movimientos 2026.xls,Ingreso  Trevelin,35
0bcaba7f-5767-3a5d-8ac7-285ec0e81be3,XLS-INGRESO-TREVELIN-37-R36,fdcf16f7-b49c-30e5-9918-d3b1cd661280,INBOUND,,e170af69-5bb5-3df8-90e0-4304692f015f,,2033.000,2026-04-02 00:00:00-03:00,CONFIRMED,37,F36/G36 | Transporte: walter gonzalez,excel_import,Planilla de movimientos 2026.xls,Ingreso  Trevelin,36
a63d10b9-2c34-314d-b488-b9adef156106,XLS-INGRESO-TREVELIN-37-R37,4cc3ab28-baa3-3689-99f1-432217dbd42e,INBOUND,,e170af69-5bb5-3df8-90e0-4304692f015f,,1539.000,2026-04-02 00:00:00-03:00,CONFIRMED,37,F37/G37 | Transporte: walter gonzalez,excel_import,Planilla de movimientos 2026.xls,Ingreso  Trevelin,37
1fff3106-22b8-3d24-b82a-dce2c091d7b3,XLS-INGRESO-TREVELIN-37-R38,b0a42414-732c-374a-ac2d-42f419d3eff2,INBOUND,,e170af69-5bb5-3df8-90e0-4304692f015f,,440.000,2026-04-02 00:00:00-03:00,CONFIRMED,37,F38/G38 | Transporte: walter gonzalez,excel_import,Planilla de movimientos 2026.xls,Ingreso  Trevelin,38
876f5071-ea56-33c5-8d1b-e78b8a488f7e,XLS-INGRESO-TREVELIN-37-R39,a19b0fe8-1684-3bed-9a3c-e2cbfef5a4a7,INBOUND,,e170af69-5bb5-3df8-90e0-4304692f015f,,2418.000,2026-04-02 00:00:00-03:00,CONFIRMED,37,F39/G39 | Transporte: walter gonzalez,excel_import,Planilla de movimientos 2026.xls,Ingreso  Trevelin,39
7d90907d-cf3f-3fe5-aa3d-7af30a6d19e7,XLS-INGRESO-TREVELIN-37-R40,6cf20f70-24df-304f-b9bf-3470df778512,INBOUND,,e170af69-5bb5-3df8-90e0-4304692f015f,,1648.000,2026-04-02 00:00:00-03:00,CONFIRMED,37,F40/G40 | Transporte: walter gonzalez,excel_import,Planilla de movimientos 2026.xls,Ingreso  Trevelin,40
651a4908-ea18-3599-bc73-235cdf04cf7b,XLS-INGRESO-TREVELIN-37-R41,907bedfe-ffaf-35d4-a6d0-84088cf34b6d,INBOUND,,e170af69-5bb5-3df8-90e0-4304692f015f,,1758.000,2026-04-02 00:00:00-03:00,CONFIRMED,37,F41/G41 | Transporte: walter gonzalez,excel_import,Planilla de movimientos 2026.xls,Ingreso  Trevelin,41
46335921-0fd4-30a3-99a2-1c482e53c3cd,XLS-INGRESO-TREVELIN-37-R42,0628116b-f117-30a4-b501-f2675beb9c1d,INBOUND,,e170af69-5bb5-3df8-90e0-4304692f015f,,3517.000,2026-04-02 00:00:00-03:00,CONFIRMED,37,F42/G42 | Transporte: walter gonzalez,excel_import,Planilla de movimientos 2026.xls,Ingreso  Trevelin,42
66cdb840-6cca-35af-b89a-80f5cf0b5010,XLS-INGRESO-TREVELIN-38-R43,2849bc89-878b-3f00-a3f4-1a7070679a0b,INBOUND,,e170af69-5bb5-3df8-90e0-4304692f015f,,1051.000,2026-04-03 00:00:00-03:00,CONFIRMED,38,F43/G43 | Transporte: el salvador,excel_import,Planilla de movimientos 2026.xls,Ingreso  Trevelin,43
c63ea2f9-84ca-3f62-9b7b-52ea655ab935,XLS-INGRESO-TREVELIN-38-R44,0628116b-f117-30a4-b501-f2675beb9c1d,INBOUND,,e170af69-5bb5-3df8-90e0-4304692f015f,,14776.000,2026-04-03 00:00:00-03:00,CONFIRMED,38,F44/G44 | Transporte: el salvador,excel_import,Planilla de movimientos 2026.xls,Ingreso  Trevelin,44
1e959b7d-96e4-3ac9-84f6-c00f3810610e,XLS-INGRESO-TREVELIN-38-R45,b09c5045-022b-3bc1-a589-98add349cf5d,INBOUND,,e170af69-5bb5-3df8-90e0-4304692f015f,,830.000,2026-04-03 00:00:00-03:00,CONFIRMED,38,F45/G45 | Transporte: el salvador,excel_import,Planilla de movimientos 2026.xls,Ingreso  Trevelin,45
73e882c6-1290-35d7-b7a1-7bef972a316a,XLS-INGRESO-TREVELIN-38-R46,b95edca6-483d-3410-99f8-fa91760fe374,INBOUND,,e170af69-5bb5-3df8-90e0-4304692f015f,,1245.000,2026-04-03 00:00:00-03:00,CONFIRMED,38,F46/G46 | Transporte: el salvador,excel_import,Planilla de movimientos 2026.xls,Ingreso  Trevelin,46
ff0e851d-89ef-3ef8-9a63-e3f385963b1e,XLS-INGRESO-TREVELIN-38-R47,a6baaca0-09a8-3cff-a9b4-40198e7043f9,INBOUND,,e170af69-5bb5-3df8-90e0-4304692f015f,,1024.000,2026-04-03 00:00:00-03:00,CONFIRMED,38,F47/G47 | Transporte: el salvador,excel_import,Planilla de movimientos 2026.xls,Ingreso  Trevelin,47
7a70ab7e-60f5-3839-9c04-fd6b2f3903b5,XLS-INGRESO-TREVELIN-38-R48,10be01f4-97f8-35b0-983c-610b1ceb03d1,INBOUND,,e170af69-5bb5-3df8-90e0-4304692f015f,,913.000,2026-04-03 00:00:00-03:00,CONFIRMED,38,F48/G48 | Transporte: el salvador,excel_import,Planilla de movimientos 2026.xls,Ingreso  Trevelin,48
abb07a2f-5ec5-3d93-b00c-174cac0b1b46,XLS-INGRESO-TREVELIN-38-R49,26837709-e612-3bb9-a885-0931f34966d7,INBOUND,,e170af69-5bb5-3df8-90e0-4304692f015f,,1134.000,2026-04-03 00:00:00-03:00,CONFIRMED,38,F49/G49 | Transporte: el salvador,excel_import,Planilla de movimientos 2026.xls,Ingreso  Trevelin,49
ff8dc344-993b-369f-ac1d-ca942c5be68c,XLS-INGRESO-TREVELIN-38-R50,de912744-e4db-356e-a756-b4893c7b5b35,INBOUND,,e170af69-5bb5-3df8-90e0-4304692f015f,,16436.000,2026-04-03 00:00:00-03:00,CONFIRMED,38,F50/G50 | Transporte: el salvador,excel_import,Planilla de movimientos 2026.xls,Ingreso  Trevelin,50
d9694312-02e6-39c6-8aee-2fda52766107,XLS-INGRESO-TREVELIN-33-R51,33675e3d-b465-33bc-8c04-8cca89758247,INBOUND,,e170af69-5bb5-3df8-90e0-4304692f015f,,1413.000,2026-04-06 00:00:00-03:00,CONFIRMED,33,F51/G51 | Transporte: nazer,excel_import,Planilla de movimientos 2026.xls,Ingreso  Trevelin,51
5247d960-bafc-3809-84e0-5665efc36107,XLS-INGRESO-TREVELIN-33-R52,305b524d-13ca-3f9e-94f7-401ead23f92c,INBOUND,,e170af69-5bb5-3df8-90e0-4304692f015f,,20940.000,2026-04-06 00:00:00-03:00,CONFIRMED,33,F52/G52 | Transporte: nazer,excel_import,Planilla de movimientos 2026.xls,Ingreso  Trevelin,52
6851dade-a954-32e1-a156-6c66b2cdd297,XLS-INGRESO-TREVELIN-33-R53,446524e4-d713-35fb-b925-aefef8362723,INBOUND,,e170af69-5bb5-3df8-90e0-4304692f015f,,12721.000,2026-04-06 00:00:00-03:00,CONFIRMED,33,F53/G53 | Transporte: nazer,excel_import,Planilla de movimientos 2026.xls,Ingreso  Trevelin,53
0242453c-f08f-3f61-9047-d710f41b3d9b,XLS-INGRESO-TREVELIN-35-R54,446524e4-d713-35fb-b925-aefef8362723,INBOUND,,e170af69-5bb5-3df8-90e0-4304692f015f,,4515.000,2026-04-06 00:00:00-03:00,CONFIRMED,35,F54/G54 | Transporte: rosemberg pablo,excel_import,Planilla de movimientos 2026.xls,Ingreso  Trevelin,54
f1f24385-55aa-3171-aa2f-a63dc2cd0832,XLS-INGRESO-TREVELIN-35-R55,0c66eacf-7b7e-360c-aa37-b8b95dce4808,INBOUND,,e170af69-5bb5-3df8-90e0-4304692f015f,,23090.000,2026-04-06 00:00:00-03:00,CONFIRMED,35,F55/G55 | Transporte: rosemberg pablo,excel_import,Planilla de movimientos 2026.xls,Ingreso  Trevelin,55
bdd2b905-f243-3eda-83fc-c10317553c69,XLS-INGRESO-TREVELIN-35-R56,11828e2b-60c9-3f55-bb22-49f34c070f03,INBOUND,,e170af69-5bb5-3df8-90e0-4304692f015f,,6105.000,2026-04-06 00:00:00-03:00,CONFIRMED,35,F56/G56 | Transporte: rosemberg pablo,excel_import,Planilla de movimientos 2026.xls,Ingreso  Trevelin,56
bd3ad4b9-59b5-3aca-a1df-7738fe643ee7,XLS-INGRESO-TREVELIN-35-R57,b0baa927-ee57-373f-a256-b41767e5251a,INBOUND,,e170af69-5bb5-3df8-90e0-4304692f015f,,667.000,2026-04-06 00:00:00-03:00,CONFIRMED,35,F57/G57 | Transporte: rosemberg pablo,excel_import,Planilla de movimientos 2026.xls,Ingreso  Trevelin,57
6b2f5d4f-1c6c-38f3-9100-fecb24938530,XLS-INGRESO-TREVELIN-41-R58,88aae61e-2303-3d76-bb2d-994d8528e480,INBOUND,,e170af69-5bb5-3df8-90e0-4304692f015f,,6324.000,2026-04-06 00:00:00-03:00,CONFIRMED,41,F58/G58 | Transporte: s.garcia(scho),excel_import,Planilla de movimientos 2026.xls,Ingreso  Trevelin,58
28b317e9-6081-3f1c-be6f-652e574f2a43,XLS-INGRESO-TREVELIN-41-R59,8a84ae5c-24e6-35be-af03-8382be20138c,INBOUND,,e170af69-5bb5-3df8-90e0-4304692f015f,,29890.000,2026-04-06 00:00:00-03:00,CONFIRMED,41,F59/G59 | Transporte: s.garcia(scho),excel_import,Planilla de movimientos 2026.xls,Ingreso  Trevelin,59
5cea6571-0a5b-3c73-9436-8386c8e83606,XLS-INGRESO-TREVELIN-40-R60,238d7c26-fc87-3568-bef4-8d30f1d3228b,INBOUND,,e170af69-5bb5-3df8-90e0-4304692f015f,,17718.000,2026-04-07 00:00:00-03:00,CONFIRMED,40,F60/G60 | Transporte: el salvador,excel_import,Planilla de movimientos 2026.xls,Ingreso  Trevelin,60
633ffb30-9b3f-3f23-be7a-a79ea4f0f804,XLS-INGRESO-TREVELIN-40-R61,88aae61e-2303-3d76-bb2d-994d8528e480,INBOUND,,e170af69-5bb5-3df8-90e0-4304692f015f,,16858.000,2026-04-07 00:00:00-03:00,CONFIRMED,40,F61/G61 | Transporte: el salvador,excel_import,Planilla de movimientos 2026.xls,Ingreso  Trevelin,61
ed1508ef-d013-380f-b39c-2b234f4fbb90,XLS-INGRESO-TREVELIN-40-R62,650fb42e-401a-3895-923d-dc319be2322e,INBOUND,,e170af69-5bb5-3df8-90e0-4304692f015f,,429.000,2026-04-07 00:00:00-03:00,CONFIRMED,40,F62/G62 | Transporte: el salvador,excel_import,Planilla de movimientos 2026.xls,Ingreso  Trevelin,62
c22040b1-8314-3309-b336-c298bcf00d56,XLS-INGRESO-TREVELIN-40-R63,de912744-e4db-356e-a756-b4893c7b5b35,INBOUND,,e170af69-5bb5-3df8-90e0-4304692f015f,,1074.000,2026-04-07 00:00:00-03:00,CONFIRMED,40,F63/G63 | Transporte: el salvador,excel_import,Planilla de movimientos 2026.xls,Ingreso  Trevelin,63
9d184e03-74bd-30fd-9e5f-3146e18af521,XLS-INGRESO-TREVELIN-42-R64,8a84ae5c-24e6-35be-af03-8382be20138c,INBOUND,,e170af69-5bb5-3df8-90e0-4304692f015f,,29185.000,2026-04-08 00:00:00-03:00,CONFIRMED,42,F64/G64 | Transporte: winter nelson,excel_import,Planilla de movimientos 2026.xls,Ingreso  Trevelin,64
b034a7b9-824e-3252-a0e6-0902de73d03d,XLS-INGRESO-TREVELIN-42-R65,45e23f8c-7737-33ef-baa8-91cd69a7eff9,INBOUND,,e170af69-5bb5-3df8-90e0-4304692f015f,,5369.000,2026-04-08 00:00:00-03:00,CONFIRMED,42,F65/G65 | Transporte: winter nelson,excel_import,Planilla de movimientos 2026.xls,Ingreso  Trevelin,65
9902b0ec-0bfa-3ac3-a158-0596dabc4788,XLS-INGRESO-TREVELIN-43-R66,980b4230-fff8-3104-8582-ca746ec6e6f3,INBOUND,,e170af69-5bb5-3df8-90e0-4304692f015f,,26415.000,2026-04-07 00:00:00-03:00,CONFIRMED,43,F66/G66 | Transporte: di carpo,excel_import,Planilla de movimientos 2026.xls,Ingreso  Trevelin,66
fff0031d-6e4f-389b-907e-44cf7980bb0c,XLS-INGRESO-TREVELIN-43-R67,45e23f8c-7737-33ef-baa8-91cd69a7eff9,INBOUND,,e170af69-5bb5-3df8-90e0-4304692f015f,,4043.000,2026-04-07 00:00:00-03:00,CONFIRMED,43,F67/G67 | Transporte: di carpo,excel_import,Planilla de movimientos 2026.xls,Ingreso  Trevelin,67
968b8e8b-7525-3062-ab40-c672f087e151,XLS-INGRESO-TREVELIN-43-R68,8a84ae5c-24e6-35be-af03-8382be20138c,INBOUND,,e170af69-5bb5-3df8-90e0-4304692f015f,,5499.000,2026-04-07 00:00:00-03:00,CONFIRMED,43,F68/G68 | Transporte: di carpo,excel_import,Planilla de movimientos 2026.xls,Ingreso  Trevelin,68
461daa79-13a6-3364-a3ca-509861e34fc0,XLS-INGRESO-TREVELIN-44-R69,8a84ae5c-24e6-35be-af03-8382be20138c,INBOUND,,e170af69-5bb5-3df8-90e0-4304692f015f,,32130.000,2026-04-14 00:00:00-03:00,CONFIRMED,44,F69/G69 | Transporte: s.garcia(verdicchio),excel_import,Planilla de movimientos 2026.xls,Ingreso  Trevelin,69
8684da1f-abc1-3bae-a04e-724c145fd0f7,XLS-INGRESO-TREVELIN-44-R70,8e7fd5c7-2dc5-3c17-9345-a6b37737159e,INBOUND,,e170af69-5bb5-3df8-90e0-4304692f015f,,3851.000,2026-04-14 00:00:00-03:00,CONFIRMED,44,F70/G70 | Transporte: s.garcia(verdicchio),excel_import,Planilla de movimientos 2026.xls,Ingreso  Trevelin,70
c37358ee-97a7-3c22-b7e7-df11383804d4,XLS-INGRESO-TREVELIN-45-R71,bd562a48-c404-3415-877f-2e406b71e3da,INBOUND,,e170af69-5bb5-3df8-90e0-4304692f015f,,6457.000,2026-04-14 00:00:00-03:00,CONFIRMED,45,F71/G71 | Transporte: s.garcia(sergio ),excel_import,Planilla de movimientos 2026.xls,Ingreso  Trevelin,71
f00a4731-d4a8-3758-93b9-ecad75109b89,XLS-INGRESO-TREVELIN-45-R72,866a9012-02fc-3bcd-abd5-dec611aad8e4,INBOUND,,e170af69-5bb5-3df8-90e0-4304692f015f,,1102.000,2026-04-14 00:00:00-03:00,CONFIRMED,45,F72/G72 | Transporte: s.garcia(sergio ),excel_import,Planilla de movimientos 2026.xls,Ingreso  Trevelin,72
c34151a2-0c54-3a57-ad79-93cc38fec426,XLS-INGRESO-TREVELIN-45-R73,2b83e2c9-2490-3e63-820f-1f3879e9fab7,INBOUND,,e170af69-5bb5-3df8-90e0-4304692f015f,,2572.000,2026-04-14 00:00:00-03:00,CONFIRMED,45,F73/G73 | Transporte: s.garcia(sergio ),excel_import,Planilla de movimientos 2026.xls,Ingreso  Trevelin,73
c86bcf3f-a85b-31b8-8d56-5803d288d317,XLS-INGRESO-TREVELIN-45-R74,1270072f-7fbe-399f-814b-d6ee5edb7616,INBOUND,,e170af69-5bb5-3df8-90e0-4304692f015f,,840.000,2026-04-14 00:00:00-03:00,CONFIRMED,45,F74/G74 | Transporte: s.garcia (sergio),excel_import,Planilla de movimientos 2026.xls,Ingreso  Trevelin,74
a795f17a-93f3-35ea-9bb8-1de03c614756,XLS-INGRESO-TREVELIN-45-R75,3ea949dc-3c04-34bb-aa79-b514b5f199c3,INBOUND,,e170af69-5bb5-3df8-90e0-4304692f015f,,3307.000,2026-04-14 00:00:00-03:00,CONFIRMED,45,F75/G75 | Transporte: s.garcia(sergio ),excel_import,Planilla de movimientos 2026.xls,Ingreso  Trevelin,75
f6215d10-1bf8-3449-b79f-9f96721a91cf,XLS-INGRESO-TREVELIN-45-R76,91a796d3-bba9-392b-957f-c00f033e7644,INBOUND,,e170af69-5bb5-3df8-90e0-4304692f015f,,1680.000,2026-04-14 00:00:00-03:00,CONFIRMED,45,F76/G76 | Transporte: s.garcia(sergio ),excel_import,Planilla de movimientos 2026.xls,Ingreso  Trevelin,76
668b3d17-9270-3db3-91fb-4f24175b6207,XLS-INGRESO-TREVELIN-45-R77,e6605f38-02c9-3dfd-8255-2fdbde93cacb,INBOUND,,e170af69-5bb5-3df8-90e0-4304692f015f,,866.000,2026-04-14 00:00:00-03:00,CONFIRMED,45,F77/G77 | Transporte: s.garcia(sergio ),excel_import,Planilla de movimientos 2026.xls,Ingreso  Trevelin,77
b8d547f4-9f6e-3642-b288-eb765a6674f6,XLS-INGRESO-TREVELIN-45-R78,eee641ed-fbba-3364-8172-b8285033f260,INBOUND,,e170af69-5bb5-3df8-90e0-4304692f015f,,1312.000,2026-04-14 00:00:00-03:00,CONFIRMED,45,F78/G78 | Transporte: s.garcia(sergio ),excel_import,Planilla de movimientos 2026.xls,Ingreso  Trevelin,78
41c14506-8459-3752-9239-57128e6b87ba,XLS-INGRESO-TREVELIN-45-R79,8a84ae5c-24e6-35be-af03-8382be20138c,INBOUND,,e170af69-5bb5-3df8-90e0-4304692f015f,,3097.000,2026-04-14 00:00:00-03:00,CONFIRMED,45,F79/G79 | Transporte: s.garcia(sergio ),excel_import,Planilla de movimientos 2026.xls,Ingreso  Trevelin,79
f35e22cc-4e0c-32ec-bf64-22dad70f80ca,XLS-INGRESO-TREVELIN-45-R80,e4d81350-c163-3ca3-98a1-12ea066f4504,INBOUND,,e170af69-5bb5-3df8-90e0-4304692f015f,,892.000,2026-04-14 00:00:00-03:00,CONFIRMED,45,F80/G80 | Transporte: s.garcia(sergio ),excel_import,Planilla de movimientos 2026.xls,Ingreso  Trevelin,80
1d659831-efa4-3bc7-8a02-ad0f5fdef3f6,XLS-INGRESO-TREVELIN-45-R81,b09c5045-022b-3bc1-a589-98add349cf5d,INBOUND,,e170af69-5bb5-3df8-90e0-4304692f015f,,78.000,2026-04-14 00:00:00-03:00,CONFIRMED,45,F81/G81 | Transporte: s.garcia(sergio ),excel_import,Planilla de movimientos 2026.xls,Ingreso  Trevelin,81
af24d61c-e711-39c5-aed6-fae74d1f6b76,XLS-INGRESO-TREVELIN-39-R82,650fb42e-401a-3895-923d-dc319be2322e,INBOUND,,e170af69-5bb5-3df8-90e0-4304692f015f,,30068.000,2026-04-15 00:00:00-03:00,CONFIRMED,39,F82/G82 | Transporte: adrian estevanez,excel_import,Planilla de movimientos 2026.xls,Ingreso  Trevelin,82
1be6f4f6-7120-3985-b884-de5f75fce9cc,XLS-INGRESO-TREVELIN-39-R83,7d52150b-6c34-3146-8098-9de0a0c55ef6,INBOUND,,e170af69-5bb5-3df8-90e0-4304692f015f,,703.000,2026-04-15 00:00:00-03:00,CONFIRMED,39,F83/G83 | Transporte: adrian estevanez,excel_import,Planilla de movimientos 2026.xls,Ingreso  Trevelin,83
599cefdc-09aa-3055-9499-d74ff2babe4b,XLS-INGRESO-TREVELIN-39-R84,4aaf66a2-06e3-3228-93f5-40fd4d36d02e,INBOUND,,e170af69-5bb5-3df8-90e0-4304692f015f,,703.000,2026-04-15 00:00:00-03:00,CONFIRMED,39,F84/G84 | Transporte: adrian estevanez,excel_import,Planilla de movimientos 2026.xls,Ingreso  Trevelin,84
ca759ce5-7506-3b7f-aa99-e252e9ea341e,XLS-INGRESO-TREVELIN-39-R85,f490fe39-7bd7-31da-b5c4-6ee1e712aa97,INBOUND,,e170af69-5bb5-3df8-90e0-4304692f015f,,757.000,2026-04-15 00:00:00-03:00,CONFIRMED,39,F85/G85 | Transporte: adrian estevanez,excel_import,Planilla de movimientos 2026.xls,Ingreso  Trevelin,85
2c5de7b2-5749-3a93-939d-a21d2f4b5871,XLS-INGRESO-TREVELIN-39-R86,0cea98d3-6001-361c-abd4-ff2a17dcad7f,INBOUND,,e170af69-5bb5-3df8-90e0-4304692f015f,,649.000,2026-04-15 00:00:00-03:00,CONFIRMED,39,F86/G86 | Transporte: adrian estevanez,excel_import,Planilla de movimientos 2026.xls,Ingreso  Trevelin,86
bc5a61f8-561e-3f64-ad9d-cac5eab7368e,XLS-INGRESO-TREVELIN-39-R87,909aae57-7981-3be4-9037-0165db86898a,INBOUND,,e170af69-5bb5-3df8-90e0-4304692f015f,,595.000,2026-04-15 00:00:00-03:00,CONFIRMED,39,F87/G87 | Transporte: adrian estevanez,excel_import,Planilla de movimientos 2026.xls,Ingreso  Trevelin,87
a8626e52-10cd-3935-bd3f-076cf900209f,XLS-INGRESO-TREVELIN-39-R88,80195a53-6248-3281-a68c-5be26a785e8b,INBOUND,,e170af69-5bb5-3df8-90e0-4304692f015f,,757.000,2026-04-15 00:00:00-03:00,CONFIRMED,39,F88/G88 | Transporte: adrian estevanez,excel_import,Planilla de movimientos 2026.xls,Ingreso  Trevelin,88
de96681c-d69e-3157-ac8a-58da46d777b3,XLS-INGRESO-TREVELIN-39-R89,de912744-e4db-356e-a756-b4893c7b5b35,INBOUND,,e170af69-5bb5-3df8-90e0-4304692f015f,,2000.000,2026-04-15 00:00:00-03:00,CONFIRMED,39,F89/G89 | Transporte: adrian estevanez,excel_import,Planilla de movimientos 2026.xls,Ingreso  Trevelin,89
73523308-28e6-3a01-a2eb-ba7b01870370,XLS-RET-FRIO-1106-R2,542b367d-ae28-3cf3-a2f8-e156378497d6,DISPATCH,d93ec8c6-a4ce-3498-9217-8c4eae9dd89f,,,29080.000,2026-03-25 00:00:00-03:00,CONFIRMED,1106,"Retiro de frío. bolsa roja-hilo blanco sin tamañar 48,46 kg | Transporte: cerone(raphael)",excel_import,Planilla de movimientos 2026.xls,Ret Frio,2
f75d6e87-3f96-3bcc-969e-b39217f9b880,XLS-RET-FRIO-1107-R3,542b367d-ae28-3cf3-a2f8-e156378497d6,DISPATCH,d93ec8c6-a4ce-3498-9217-8c4eae9dd89f,,,29000.000,2026-03-26 00:00:00-03:00,CONFIRMED,1107,"Retiro de frío. bolsa roja-hilo blanco sin tamañar 48,17 kg | Transporte: cerone(sotelol)",excel_import,Planilla de movimientos 2026.xls,Ret Frio,3
b739ab3b-feea-3fa1-90c0-2e20e2f82189,XLS-RET-FRIO-1108-R4,542b367d-ae28-3cf3-a2f8-e156378497d6,DISPATCH,d93ec8c6-a4ce-3498-9217-8c4eae9dd89f,,,19520.000,2026-04-01 00:00:00-03:00,CONFIRMED,1108,"Retiro de frío. bolsa roja-hilo blanco sin tamañar 48,81 kg | Transporte: cerone(sotelol)",excel_import,Planilla de movimientos 2026.xls,Ret Frio,4
639182c2-0ac9-380d-870a-4bc5c1e2e5f7,XLS-RET-FRIO-1109-R5,542b367d-ae28-3cf3-a2f8-e156378497d6,DISPATCH,d93ec8c6-a4ce-3498-9217-8c4eae9dd89f,,,2934.000,2026-04-03 00:00:00-03:00,CONFIRMED,1109,"Retiro de frío. bolsa roja-hilo blanco sin tamañar 48,90 kg | Transporte: cerone(raphael)",excel_import,Planilla de movimientos 2026.xls,Ret Frio,5
18ce3177-3fd1-369c-86ca-469031e6a9d4,XLS-RET-FRIO-1110-R6,337417f6-c5c0-3bbe-8162-ebd226ac01f1,DISPATCH,d93ec8c6-a4ce-3498-9217-8c4eae9dd89f,,,7369.000,2026-04-07 00:00:00-03:00,CONFIRMED,1110,Retiro de frío. bolsa verde-hilo amarillo | Transporte: fran cambronera,excel_import,Planilla de movimientos 2026.xls,Ret Frio,6
8642b9c7-c112-3916-91bc-d15339371ad8,XLS-RET-FRIO-1110-R7,6ee02268-e466-3646-b7c8-014f8aa69b58,DISPATCH,d93ec8c6-a4ce-3498-9217-8c4eae9dd89f,,,15040.000,2026-04-07 00:00:00-03:00,CONFIRMED,1110,Retiro de frío. bolsa verde-hilo verde | Transporte: fran cambronera,excel_import,Planilla de movimientos 2026.xls,Ret Frio,7
5dd7c18c-e8fd-3f6e-aecb-88bb0b826e1b,XLS-RET-FRIO-1111-R8,7dca38ba-075e-3c45-8cd6-cb00a501b2d4,DISPATCH,d93ec8c6-a4ce-3498-9217-8c4eae9dd89f,,,28780.000,2026-04-10 00:00:00-03:00,CONFIRMED,1111,Retiro de frío. bolsa blanca y roja hilo amarillo | Transporte: cerone(sotelol),excel_import,Planilla de movimientos 2026.xls,Ret Frio,8
ea496441-e25e-365a-8d57-513a85371dc7,XLS-RET-FRIO-1112-R9,7dca38ba-075e-3c45-8cd6-cb00a501b2d4,DISPATCH,d93ec8c6-a4ce-3498-9217-8c4eae9dd89f,,,4757.000,2026-04-14 00:00:00-03:00,CONFIRMED,1112,Retiro de frío. hilo amarillo | Transporte: cerone(raphael),excel_import,Planilla de movimientos 2026.xls,Ret Frio,9
b4d46d53-4578-3ece-a587-e7c11055d2e5,XLS-RET-FRIO-1112-R10,6ee02268-e466-3646-b7c8-014f8aa69b58,DISPATCH,d93ec8c6-a4ce-3498-9217-8c4eae9dd89f,,,3866.000,2026-04-14 00:00:00-03:00,CONFIRMED,1112,Retiro de frío. bolsa verde-hilo verde | Transporte: cerone(raphael),excel_import,Planilla de movimientos 2026.xls,Ret Frio,10
7bc5ec6c-2490-3d2b-9245-f884a3f8ff3e,XLS-RET-FRIO-1112-R11,4d6d5cfe-c305-3859-825c-a6ec123a00ef,DISPATCH,d93ec8c6-a4ce-3498-9217-8c4eae9dd89f,,,1984.000,2026-04-14 00:00:00-03:00,CONFIRMED,1112,Retiro de frío. bolsa verde-hilo blanco | Transporte: cerone(raphael),excel_import,Planilla de movimientos 2026.xls,Ret Frio,11
407c5138-f9a5-3141-8226-4eac0be802a5,XLS-RET-FRIO-1112-R12,d02761e1-2c1d-3402-abe2-7680f44fa538,DISPATCH,d93ec8c6-a4ce-3498-9217-8c4eae9dd89f,,,19130.000,2026-04-14 00:00:00-03:00,CONFIRMED,1112,Retiro de frío. bolsa blanca y roja hilo negro | Transporte: cerone(raphael),excel_import,Planilla de movimientos 2026.xls,Ret Frio,12
b2e7b274-fca1-3102-ae29-1cda7731215a,XLS-RET-FRIO-1113-R13,7dca38ba-075e-3c45-8cd6-cb00a501b2d4,DISPATCH,d93ec8c6-a4ce-3498-9217-8c4eae9dd89f,,,4725.000,2026-04-15 00:00:00-03:00,CONFIRMED,1113,Retiro de frío. bolsas varias -hilo amarillo | Transporte: estevanez a.,excel_import,Planilla de movimientos 2026.xls,Ret Frio,13
45c78ed2-6800-39ff-9916-263bd3a6dd94,XLS-RET-FRIO-1121-R14,14d21f14-ad33-321b-85ee-c3659cc97bcc,DISPATCH,d93ec8c6-a4ce-3498-9217-8c4eae9dd89f,,,29700.000,2026-05-29 00:00:00-03:00,CONFIRMED,1121,Retiro de frío. b.blanca-h.blanco | Transporte: fran cambronera,excel_import,Planilla de movimientos 2026.xls,Ret Frio,14
8f0b7dd4-39a8-3f58-b590-7e841c0f51cf,XLS-RET-FRIO-1122-R15,d02761e1-2c1d-3402-abe2-7680f44fa538,DISPATCH,d93ec8c6-a4ce-3498-9217-8c4eae9dd89f,,,10158.000,2026-06-01 00:00:00-03:00,CONFIRMED,1122,"Retiro de frío. b,blanca-hilo negro | Transporte: cerone(sotelo)",excel_import,Planilla de movimientos 2026.xls,Ret Frio,15
0ef5f2e8-c4e6-34ec-84a7-21513ec7cad2,XLS-RET-FRIO-1122-R16,2fe003af-6d20-3506-ae3d-17e6023054d9,DISPATCH,d93ec8c6-a4ce-3498-9217-8c4eae9dd89f,,,20118.000,2026-06-01 00:00:00-03:00,CONFIRMED,1122,Retiro de frío. b.blanca-hilo celeste | Transporte: cerone(sotelo),excel_import,Planilla de movimientos 2026.xls,Ret Frio,16
09fd2961-1b7e-39ce-bf4c-8e5c493593e7,XLS-RET-FRIO-1123-R17,2fe003af-6d20-3506-ae3d-17e6023054d9,DISPATCH,d93ec8c6-a4ce-3498-9217-8c4eae9dd89f,,,30800.000,2026-06-02 00:00:00-03:00,CONFIRMED,1123,Retiro de frío. b.blanca-hilo celeste | Transporte: cerone(raphael),excel_import,Planilla de movimientos 2026.xls,Ret Frio,17
079f3d2a-eec9-3f1f-a536-fbe26466f7a0,XLS-RET-FRIO-1124-R18,2fe003af-6d20-3506-ae3d-17e6023054d9,DISPATCH,d93ec8c6-a4ce-3498-9217-8c4eae9dd89f,,,5544.000,2026-06-03 00:00:00-03:00,CONFIRMED,1124,Retiro de frío. b.blanca-hilo celeste- SOLO CHASIS !!!! | Transporte: fran cambronera,excel_import,Planilla de movimientos 2026.xls,Ret Frio,18
8508eb4a-e1ce-344c-9004-0f02f530407a,XLS-RET-FRIO-S-REMITO-R19,3bae3254-2fce-3776-b9ba-07d7253f20af,DISPATCH,d457d108-643f-3540-9c8c-9083f8ff1efb,,,38200.000,2026-06-04 00:00:00-03:00,CONFIRMED,s/remito,Retiro de frío. granel-paraguay | Transporte: camillo(mario),excel_import,Planilla de movimientos 2026.xls,Ret Frio,19
910fc0ec-def2-3492-9bfe-2ff1e962c2da,XLS-RET-FRIO-1125-R20,4d6d5cfe-c305-3859-825c-a6ec123a00ef,DISPATCH,d93ec8c6-a4ce-3498-9217-8c4eae9dd89f,,,28740.000,2026-06-05 00:00:00-03:00,CONFIRMED,1125,Retiro de frío. b.verde-h.blanco | Transporte: cerone(sotelo),excel_import,Planilla de movimientos 2026.xls,Ret Frio,20
48f4321f-0291-332c-b816-2b4a44139173,XLS-RET-FRIO-S-REMITO-R21,3bae3254-2fce-3776-b9ba-07d7253f20af,DISPATCH,d457d108-643f-3540-9c8c-9083f8ff1efb,,,39840.000,2026-06-06 00:00:00-03:00,CONFIRMED,s/remito,Retiro de frío. granel-paraguay | Transporte: camillo(mario),excel_import,Planilla de movimientos 2026.xls,Ret Frio,21
8d6b8bc5-c570-3ef3-bccc-f51137642224,XLS-RET-FRIO-1412-R22,3bae3254-2fce-3776-b9ba-07d7253f20af,DISPATCH,dd91ddb2-261a-3729-abd7-ee7462caa207,,,34800.000,2026-06-06 00:00:00-03:00,CONFIRMED,1412,Retiro de frío. paraguay | Transporte: tapia,excel_import,Planilla de movimientos 2026.xls,Ret Frio,22
951cc85e-293d-3796-9327-557ee9d50d04,XLS-RET-FRIO-1413-R23,3bae3254-2fce-3776-b9ba-07d7253f20af,DISPATCH,dd91ddb2-261a-3729-abd7-ee7462caa207,,,34860.000,2026-06-08 00:00:00-03:00,CONFIRMED,1413,Retiro de frío. paraguay | Transporte: jodar,excel_import,Planilla de movimientos 2026.xls,Ret Frio,23
e11c18d9-168f-31f1-803c-4f3bb293a6cc,XLS-RET-FRIO-1126-R24,2fe003af-6d20-3506-ae3d-17e6023054d9,DISPATCH,d93ec8c6-a4ce-3498-9217-8c4eae9dd89f,,,26720.000,2026-06-08 00:00:00-03:00,CONFIRMED,1126,Retiro de frío. b.blanca-h.celeste | Transporte: cerone(raphael),excel_import,Planilla de movimientos 2026.xls,Ret Frio,24
d3871218-0758-3d01-b27e-a1cd2cfda465,XLS-RET-FRIO-1414-R25,3bae3254-2fce-3776-b9ba-07d7253f20af,DISPATCH,dd91ddb2-261a-3729-abd7-ee7462caa207,,,34860.000,2026-06-10 00:00:00-03:00,CONFIRMED,1414,Retiro de frío. paraguay | Transporte: gabino santiago,excel_import,Planilla de movimientos 2026.xls,Ret Frio,25
1c32e11c-ad2f-326b-bf28-6391fd48d8fe,XLS-RET-FRIO-1127-R26,8098b0ba-cdd2-3105-a49f-1d44805c1862,DISPATCH,d93ec8c6-a4ce-3498-9217-8c4eae9dd89f,,,28140.000,2026-06-11 00:00:00-03:00,CONFIRMED,1127,Retiro de frío. b.blanca-h.blanco | Transporte: fran cambronera,excel_import,Planilla de movimientos 2026.xls,Ret Frio,26
10641fa1-7cb1-3583-9402-7250805c7bde,XLS-RET-FRIO-1128-R27,8098b0ba-cdd2-3105-a49f-1d44805c1862,DISPATCH,d93ec8c6-a4ce-3498-9217-8c4eae9dd89f,,,28000.000,2026-06-12 00:00:00-03:00,CONFIRMED,1128,Retiro de frío. b.blanca-h.blanco | Transporte: cerone(raphael),excel_import,Planilla de movimientos 2026.xls,Ret Frio,27
c5ceb752-b404-37d1-ac98-2a7373f5a331,XLS-RET-FRIO-1415-R28,3bae3254-2fce-3776-b9ba-07d7253f20af,DISPATCH,dd91ddb2-261a-3729-abd7-ee7462caa207,,,33920.000,2026-06-12 00:00:00-03:00,CONFIRMED,1415,Retiro de frío. paraguay | Transporte: alvaro arenas,excel_import,Planilla de movimientos 2026.xls,Ret Frio,28
c4c46eea-4651-3bec-a518-cab807a71846,XLS-RET-FRIO-S-REMITO-R29,3bae3254-2fce-3776-b9ba-07d7253f20af,DISPATCH,e19becd6-3196-3358-91f5-efd95375a947,,,10780.000,2026-06-15 00:00:00-03:00,CONFIRMED,s/remito,Retiro de frío. paraguay en tarimas | Transporte: camillo(mario),excel_import,Planilla de movimientos 2026.xls,Ret Frio,29
a56853dd-b59f-3226-acb5-eff50f150394,XLS-RET-FRIO-1129-R30,8098b0ba-cdd2-3105-a49f-1d44805c1862,DISPATCH,d93ec8c6-a4ce-3498-9217-8c4eae9dd89f,,,6244.000,2026-06-16 00:00:00-03:00,CONFIRMED,1129,Retiro de frío. b.blanca-h.blanco | Transporte: cerone(sotelo),excel_import,Planilla de movimientos 2026.xls,Ret Frio,30
5c5598ef-b53d-30b5-8fb3-2cb5b38f382b,XLS-RET-FRIO-1129-R31,7dca38ba-075e-3c45-8cd6-cb00a501b2d4,DISPATCH,d93ec8c6-a4ce-3498-9217-8c4eae9dd89f,,,3216.000,2026-06-16 00:00:00-03:00,CONFIRMED,1129,Retiro de frío. b.blanca-h.amarillo | Transporte: cerone(sotelo),excel_import,Planilla de movimientos 2026.xls,Ret Frio,31
be8cd20c-ee68-3af0-ab55-5fe446e7d0c4,XLS-RET-FRIO-1416-R32,3bae3254-2fce-3776-b9ba-07d7253f20af,DISPATCH,dd91ddb2-261a-3729-abd7-ee7462caa207,,,33040.000,2026-06-16 00:00:00-03:00,CONFIRMED,1416,Retiro de frío. paraguay | Transporte: alvaro arenas,excel_import,Planilla de movimientos 2026.xls,Ret Frio,32
a37e7725-83d0-3a29-8008-02a3bc518ac7,XLS-RET-FRIO-1139-R33,561bed72-1b32-3f1c-a32a-643499646754,DISPATCH,d93ec8c6-a4ce-3498-9217-8c4eae9dd89f,,,15200.000,2026-07-03 00:00:00-03:00,CONFIRMED,1139,Retiro de frío. a planta para trabajar | Transporte: camillo(jaimez),excel_import,Planilla de movimientos 2026.xls,Ret Frio,33
4ada840e-bd38-3f48-9387-d4b28a435f6a,XLS-RET-FRIO-1139-R34,bef23c17-7448-3eeb-90a6-05b05535b2b0,DISPATCH,d93ec8c6-a4ce-3498-9217-8c4eae9dd89f,,,19400.000,2026-07-03 00:00:00-03:00,CONFIRMED,1139,Retiro de frío. a planta para trabajar | Transporte: camillo(jaimez),excel_import,Planilla de movimientos 2026.xls,Ret Frio,34
51c3bb7e-e95a-38bc-91b6-421fd701a24b,XLS-RET-FRIO-S-REMITO-R35,3bae3254-2fce-3776-b9ba-07d7253f20af,DISPATCH,e19becd6-3196-3358-91f5-efd95375a947,,,30780.000,2026-07-03 00:00:00-03:00,CONFIRMED,s/remito,Retiro de frío. A SASULA PARA REPASAR | Transporte: cerone(raphael),excel_import,Planilla de movimientos 2026.xls,Ret Frio,35
a910e4d2-0a4b-3629-aac2-a37a9dba0870,XLS-RET-FRIO-S-REMITO-R36,321479d3-9daa-3961-80a0-63479a27490f,DISPATCH,e19becd6-3196-3358-91f5-efd95375a947,,,29800.000,2026-07-03 00:00:00-03:00,CONFIRMED,s/remito,Retiro de frío. cargo directo de camara a Mazzeo | Transporte: fenix v.m,excel_import,Planilla de movimientos 2026.xls,Ret Frio,36
8d9338c6-1be6-3bd1-8b3a-cc78ca33419d,XLS-RET-FRIO-1140-R37,bef23c17-7448-3eeb-90a6-05b05535b2b0,DISPATCH,d93ec8c6-a4ce-3498-9217-8c4eae9dd89f,,,30700.000,2026-07-04 00:00:00-03:00,CONFIRMED,1140,Retiro de frío. a planta para trabajar | Transporte: cerone(sotelo),excel_import,Planilla de movimientos 2026.xls,Ret Frio,37
a8bd0792-69c7-3d3a-8f8f-71b07927923e,XLS-RET-FRIO-1141-R38,bef23c17-7448-3eeb-90a6-05b05535b2b0,DISPATCH,d93ec8c6-a4ce-3498-9217-8c4eae9dd89f,,,16200.000,2026-07-04 00:00:00-03:00,CONFIRMED,1141,Retiro de frío. a planta para trabajar | Transporte: camillo(mario),excel_import,Planilla de movimientos 2026.xls,Ret Frio,38
e4413aae-2556-33fa-aa74-f566e7b778a6,XLS-RET-FRIO-1141-R39,561bed72-1b32-3f1c-a32a-643499646754,DISPATCH,d93ec8c6-a4ce-3498-9217-8c4eae9dd89f,,,19500.000,2026-07-04 00:00:00-03:00,CONFIRMED,1141,Retiro de frío. a planta para trabajar | Transporte: camillo(mario),excel_import,Planilla de movimientos 2026.xls,Ret Frio,39
b227d3b3-864e-3125-b7aa-2b79f92d2bc4,XLS-RET-FRIO-1142-R40,561bed72-1b32-3f1c-a32a-643499646754,DISPATCH,d93ec8c6-a4ce-3498-9217-8c4eae9dd89f,,,36080.000,2026-07-06 00:00:00-03:00,CONFIRMED,1142,Retiro de frío. A SASULA PARA REPASAR | Transporte: camillo(mario),excel_import,Planilla de movimientos 2026.xls,Ret Frio,40
415f64e4-e4ef-3211-a3df-0aca917d7a05,XLS-RET-FRIO-S-REMITO-R41,321479d3-9daa-3961-80a0-63479a27490f,DISPATCH,e19becd6-3196-3358-91f5-efd95375a947,,,28469.000,2026-07-07 00:00:00-03:00,CONFIRMED,s/remito,Retiro de frío. saco p/trabajar en cecive | Transporte: cecive,excel_import,Planilla de movimientos 2026.xls,Ret Frio,41
bdc305fc-d677-3889-ad30-0b86de7263d7,XLS-RET-FRIO-S-REMITO-R42,3bae3254-2fce-3776-b9ba-07d7253f20af,DISPATCH,e19becd6-3196-3358-91f5-efd95375a947,,,2940.000,2026-07-07 00:00:00-03:00,CONFIRMED,s/remito,Retiro de frío. saco p/trabajar en cecive completamos a romero | Transporte: cecive,excel_import,Planilla de movimientos 2026.xls,Ret Frio,42
b27adf2f-87e5-39c7-bcce-534a469c9d4e,XLS-RET-FRIO-S-REMITO-R43,561bed72-1b32-3f1c-a32a-643499646754,DISPATCH,e19becd6-3196-3358-91f5-efd95375a947,,,8526.000,2026-07-07 00:00:00-03:00,CONFIRMED,s/remito,Retiro de frío. saco p/trabajar | Transporte: cecive,excel_import,Planilla de movimientos 2026.xls,Ret Frio,43
49c94f41-21fc-3c02-9d80-2f171e45c702,XLS-RET-FRIO-1143-R44,bef23c17-7448-3eeb-90a6-05b05535b2b0,DISPATCH,d93ec8c6-a4ce-3498-9217-8c4eae9dd89f,,,16800.000,2026-07-07 00:00:00-03:00,CONFIRMED,1143,Retiro de frío. a cecive para trabaja | Transporte: camillo(mario),excel_import,Planilla de movimientos 2026.xls,Ret Frio,44
c5cf144b-6475-3072-ab69-5dbc52038584,XLS-RET-FRIO-S-REMITO-R45,eaad3bc5-a11f-30e3-907d-633e33f8cf10,DISPATCH,e19becd6-3196-3358-91f5-efd95375a947,,,14640.000,2026-07-07 00:00:00-03:00,CONFIRMED,s/remito,Retiro de frío. cargo directo de camara | Transporte: andreu,excel_import,Planilla de movimientos 2026.xls,Ret Frio,45
470457ca-2bf3-31c5-9038-bd0a32b6589c,XLS-RET-FRIO-1144-R46,561bed72-1b32-3f1c-a32a-643499646754,DISPATCH,d93ec8c6-a4ce-3498-9217-8c4eae9dd89f,,,16930.000,2026-07-08 00:00:00-03:00,CONFIRMED,1144,Retiro de frío. A SASULA PARA REPASAR B.ROJA | Transporte: camillo(mario),excel_import,Planilla de movimientos 2026.xls,Ret Frio,46
5e8bce73-7a87-350c-8498-651fbc16db9f,XLS-RET-FRIO-1144-R47,bef23c17-7448-3eeb-90a6-05b05535b2b0,DISPATCH,d93ec8c6-a4ce-3498-9217-8c4eae9dd89f,,,17560.000,2026-07-08 00:00:00-03:00,CONFIRMED,1144,Retiro de frío. A SASULA PARA REPASAR B.BLANCA | Transporte: camillo(mario),excel_import,Planilla de movimientos 2026.xls,Ret Frio,47
9ab901f2-e994-3cee-bf49-bf5027a6ba58,XLS-RET-FRIO-S-REMITO-R48,561bed72-1b32-3f1c-a32a-643499646754,DISPATCH,e19becd6-3196-3358-91f5-efd95375a947,,,22540.000,2026-07-08 00:00:00-03:00,CONFIRMED,s/remito,Retiro de frío. saco p/trabajar | Transporte: cecive,excel_import,Planilla de movimientos 2026.xls,Ret Frio,48
fdfd1c96-89fa-35bd-89a1-86573a28f249,XLS-RET-FRIO-S-REMITO-R49,9a89e974-a839-3324-8bdc-53d55031b24e,DISPATCH,e19becd6-3196-3358-91f5-efd95375a947,,,22540.000,2026-07-08 00:00:00-03:00,CONFIRMED,s/remito,Retiro de frío. saco p/trabajar b.verde | Transporte: cecive,excel_import,Planilla de movimientos 2026.xls,Ret Frio,49
69bc2eb8-34ce-3483-98fe-31d32d4dccbf,XLS-RET-FRIO-1145-R50,bef23c17-7448-3eeb-90a6-05b05535b2b0,DISPATCH,d93ec8c6-a4ce-3498-9217-8c4eae9dd89f,,,16926.000,2026-07-08 00:00:00-03:00,CONFIRMED,1145,Retiro de frío. A SASULA PARA REPASAR BOLSA BLANCA | Transporte: fran cambronera,excel_import,Planilla de movimientos 2026.xls,Ret Frio,50
32c42c53-058a-3930-b72f-1ce6b021e8b7,XLS-RET-FRIO-S-REMITO-R51,d17e9504-db28-3f91-bb47-26f249630bea,DISPATCH,e19becd6-3196-3358-91f5-efd95375a947,,,31680.000,2026-07-24 00:00:00-03:00,CONFIRMED,s/remito,Retiro de frío. saco para trabajar | Transporte: cecive,excel_import,Planilla de movimientos 2026.xls,Ret Frio,51
fa3994bf-4e04-391d-96a1-e80d35e9772f,XLS-RET-FRIO-1214-R52,19f4f95b-780e-3c2f-84a2-061148973523,DISPATCH,d93ec8c6-a4ce-3498-9217-8c4eae9dd89f,,,30120.000,2026-07-24 00:00:00-03:00,CONFIRMED,1214,Retiro de frío. cargo agricolo directo de camara | Transporte: agricolo,excel_import,Planilla de movimientos 2026.xls,Ret Frio,52
eab2764a-1cfe-32cb-b702-7f4047fc2247,XLS-RET-FRIO-1215-R53,bfb26250-d818-3a09-ac5c-bc3dc5a42a78,DISPATCH,d93ec8c6-a4ce-3498-9217-8c4eae9dd89f,,,6664.000,2026-07-25 00:00:00-03:00,CONFIRMED,1215,Retiro de frío. a planta para trabajar | Transporte: camillo(mario),excel_import,Planilla de movimientos 2026.xls,Ret Frio,53
4bc7dfea-03df-308b-b820-3b0a566f718d,XLS-RET-FRIO-1215-R54,321479d3-9daa-3961-80a0-63479a27490f,DISPATCH,d93ec8c6-a4ce-3498-9217-8c4eae9dd89f,,,24206.000,2026-07-25 00:00:00-03:00,CONFIRMED,1215,Retiro de frío. a planta para trabajar | Transporte: camillo(mario),excel_import,Planilla de movimientos 2026.xls,Ret Frio,54
cfeda13a-e3ec-3e54-b5c7-b8138f532576,XLS-RET-FRIO-1216-R55,321479d3-9daa-3961-80a0-63479a27490f,DISPATCH,d93ec8c6-a4ce-3498-9217-8c4eae9dd89f,,,34790.000,2026-07-27 00:00:00-03:00,CONFIRMED,1216,Retiro de frío. a planta para trabajar | Transporte: camillo(jaimez),excel_import,Planilla de movimientos 2026.xls,Ret Frio,55
9c19fa9c-6d66-390d-97c4-946aadc6f13c,XLS-RET-FRIO-1217-R56,19f4f95b-780e-3c2f-84a2-061148973523,DISPATCH,d93ec8c6-a4ce-3498-9217-8c4eae9dd89f,,,37480.000,2026-07-28 00:00:00-03:00,CONFIRMED,1217,Retiro de frío. a cecive para trabajar | Transporte: camillo(jaimez),excel_import,Planilla de movimientos 2026.xls,Ret Frio,56
175ad5bb-3e7d-3135-9ab5-46debb34f3fa,XLS-RET-FRIO-1218-R57,19f4f95b-780e-3c2f-84a2-061148973523,DISPATCH,d93ec8c6-a4ce-3498-9217-8c4eae9dd89f,,,19670.000,2026-07-29 00:00:00-03:00,CONFIRMED,1218,Retiro de frío. a planta para trabajar | Transporte: camillo(mario),excel_import,Planilla de movimientos 2026.xls,Ret Frio,57
0cceaf1a-6abd-3f4a-9262-4fbcd744b079,XLS-RET-FRIO-S-REMITO-R58,8fafd75b-1f76-3b8c-97aa-80d3cdea22f7,DISPATCH,e19becd6-3196-3358-91f5-efd95375a947,,,69970.000,2026-07-29 00:00:00-03:00,CONFIRMED,s/remito,Retiro de frío. saco para trabajar | Transporte: cecive,excel_import,Planilla de movimientos 2026.xls,Ret Frio,58
f199cea1-a74a-33fb-8013-39caa3621302,XLS-RET-FRIO-1219-R59,19f4f95b-780e-3c2f-84a2-061148973523,DISPATCH,d93ec8c6-a4ce-3498-9217-8c4eae9dd89f,,,8460.000,2026-07-30 00:00:00-03:00,CONFIRMED,1219,Retiro de frío. a planta para trabajar SOLO CHASIS!!! | Transporte: camillo(mario),excel_import,Planilla de movimientos 2026.xls,Ret Frio,59
993b1dd4-f60a-3b15-a0e2-b01d8b34c7a8,XLS-RET-FRIO-S-REMITO-R60,eaad3bc5-a11f-30e3-907d-633e33f8cf10,DISPATCH,e19becd6-3196-3358-91f5-efd95375a947,,,4900.000,2026-07-31 00:00:00-03:00,CONFIRMED,s/remito,Retiro de frío. cargo delcaso directo. | Transporte: cecive,excel_import,Planilla de movimientos 2026.xls,Ret Frio,60
292a49c8-8996-3778-a62d-b3ccee7445e5,XLS-RET-FRIO-1220-R61,19f4f95b-780e-3c2f-84a2-061148973523,DISPATCH,d93ec8c6-a4ce-3498-9217-8c4eae9dd89f,,,34848.000,2026-07-31 00:00:00-03:00,CONFIRMED,1220,Retiro de frío. a cecive para repasar | Transporte: camillo(mario),excel_import,Planilla de movimientos 2026.xls,Ret Frio,61
58b5c58b-c2f0-39a1-8561-bad8877ab68d,XLS-RET-FRIO-S-REMITO-R62,eaad3bc5-a11f-30e3-907d-633e33f8cf10,DISPATCH,e19becd6-3196-3358-91f5-efd95375a947,,,29400.000,2026-08-01 00:00:00-03:00,CONFIRMED,s/remito,Retiro de frío. cargo directo de camara | Transporte: cecive,excel_import,Planilla de movimientos 2026.xls,Ret Frio,62
530ff216-e905-3e29-ad77-92cc672d5d01,XLS-RET-FRIO-1221-R63,19f4f95b-780e-3c2f-84a2-061148973523,DISPATCH,d93ec8c6-a4ce-3498-9217-8c4eae9dd89f,,,5978.000,2026-08-01 00:00:00-03:00,CONFIRMED,1221,Retiro de frío. a planta para trabajar | Transporte: camillo(mario),excel_import,Planilla de movimientos 2026.xls,Ret Frio,63
552e0930-5382-392f-8657-3f16f43634cf,XLS-RET-FRIO-1221-R64,ff756869-cf84-3e9c-8a59-416853e8d042,DISPATCH,d93ec8c6-a4ce-3498-9217-8c4eae9dd89f,,,19790.000,2026-08-01 00:00:00-03:00,CONFIRMED,1221,Retiro de frío. a planta para trabajar EXPORTACION | Transporte: camillo(mario),excel_import,Planilla de movimientos 2026.xls,Ret Frio,64
c18a2498-d94c-37be-988a-b8165efb5106,XLS-RET-FRIO-1221-R65,ff756869-cf84-3e9c-8a59-416853e8d042,DISPATCH,d93ec8c6-a4ce-3498-9217-8c4eae9dd89f,,,6810.000,2026-08-01 00:00:00-03:00,CONFIRMED,1221,Retiro de frío. a planta para trabajar SIN CHICAS | Transporte: camillo(mario),excel_import,Planilla de movimientos 2026.xls,Ret Frio,65
79fa8cb5-0d5f-3489-b406-207610ad3e92,XLS-RET-FRIO-1222-R66,321479d3-9daa-3961-80a0-63479a27490f,DISPATCH,d93ec8c6-a4ce-3498-9217-8c4eae9dd89f,,,28752.000,2026-08-05 00:00:00-03:00,CONFIRMED,1222,Retiro de frío. a planta para trabajar | Transporte: camillo(mario),excel_import,Planilla de movimientos 2026.xls,Ret Frio,66
1bc7f10d-9817-38df-a030-3072842aa98b,XLS-RET-FRIO-1222-R67,2199be8e-0c88-3904-8dd5-54461f5ad017,DISPATCH,d93ec8c6-a4ce-3498-9217-8c4eae9dd89f,,,1296.000,2026-08-05 00:00:00-03:00,CONFIRMED,1222,Retiro de frío. a planta para trabajar | Transporte: camillo(mario),excel_import,Planilla de movimientos 2026.xls,Ret Frio,67
e03bdd33-2d62-3b2d-b7fe-6c49630d2784,XLS-RET-FRIO-1222-R68,4d6d5cfe-c305-3859-825c-a6ec123a00ef,DISPATCH,d93ec8c6-a4ce-3498-9217-8c4eae9dd89f,,,3920.000,2026-08-05 00:00:00-03:00,CONFIRMED,1222,Retiro de frío. a planta para trabajar | Transporte: camillo(mario),excel_import,Planilla de movimientos 2026.xls,Ret Frio,68
dde72930-4d8b-3233-a916-8aac1cf3a83a,XLS-RET-FRIO-1222-R69,ff756869-cf84-3e9c-8a59-416853e8d042,DISPATCH,d93ec8c6-a4ce-3498-9217-8c4eae9dd89f,,,1568.000,2026-08-05 00:00:00-03:00,CONFIRMED,1222,Retiro de frío. a planta para trabajar | Transporte: camillo(mario),excel_import,Planilla de movimientos 2026.xls,Ret Frio,69
37f7f2ea-392e-3d36-aa8e-d1a2ca960b02,XLS-RET-FRIO-1223-R70,19f4f95b-780e-3c2f-84a2-061148973523,DISPATCH,d93ec8c6-a4ce-3498-9217-8c4eae9dd89f,,,15090.000,2026-08-06 00:00:00-03:00,CONFIRMED,1223,Retiro de frío. a planta para trabajar | Transporte: camillo(mario),excel_import,Planilla de movimientos 2026.xls,Ret Frio,70
47b74887-309e-3cd8-abff-71240c634a17,XLS-RET-FRIO-1444-R71,3bae3254-2fce-3776-b9ba-07d7253f20af,DISPATCH,dd91ddb2-261a-3729-abd7-ee7462caa207,,,23500.000,2026-08-07 00:00:00-03:00,CONFIRMED,1444,Retiro de frío. a planta para trabajar | Transporte: camillo(mario),excel_import,Planilla de movimientos 2026.xls,Ret Frio,71
433aa174-af3d-3f14-b31f-99778ae0cb95,XLS-RET-FRIO-1224-R72,19f4f95b-780e-3c2f-84a2-061148973523,DISPATCH,d93ec8c6-a4ce-3498-9217-8c4eae9dd89f,,,29596.000,2026-08-10 00:00:00-03:00,CONFIRMED,1224,Retiro de frío. a planta para trabajar | Transporte: camillo(jaimez),excel_import,Planilla de movimientos 2026.xls,Ret Frio,72
4dc5dec5-f82b-382e-a03f-ccb904523162,XLS-RET-FRIO-1224-R73,4147a592-30d5-3625-ae7e-4f5ad7817c6c,DISPATCH,d93ec8c6-a4ce-3498-9217-8c4eae9dd89f,,,49.000,2026-08-10 00:00:00-03:00,CONFIRMED,1224,Retiro de frío. a planta | Transporte: camillo(jaimez),excel_import,Planilla de movimientos 2026.xls,Ret Frio,73
90421f83-2ec4-33f5-97ae-35a68ab425ab,XLS-RET-FRIO-1224-R74,d24f84d8-402d-37bc-8cf2-dd85985fce20,DISPATCH,d93ec8c6-a4ce-3498-9217-8c4eae9dd89f,,,49.000,2026-08-10 00:00:00-03:00,CONFIRMED,1224,Retiro de frío. a planta | Transporte: camillo(jaimez),excel_import,Planilla de movimientos 2026.xls,Ret Frio,74
f792f1e2-0ba1-3105-8727-18422a4b7f7a,XLS-RET-FRIO-S-REMITO-R75,eaad3bc5-a11f-30e3-907d-633e33f8cf10,DISPATCH,e19becd6-3196-3358-91f5-efd95375a947,,,29400.000,2026-08-10 00:00:00-03:00,CONFIRMED,s/remito,Retiro de frío. cargo del caso directo . | Transporte: cecive,excel_import,Planilla de movimientos 2026.xls,Ret Frio,75
3fcd8b6f-d8a0-33c6-b0dc-2ccdd7151aee,XLS-RET-FRIO-S-REMITO-R76,eaad3bc5-a11f-30e3-907d-633e33f8cf10,DISPATCH,e19becd6-3196-3358-91f5-efd95375a947,,,25000.000,2026-08-11 00:00:00-03:00,CONFIRMED,s/remito,"Retiro de frío. cargo del caso directo ,bajamos 10 en planta. | Transporte: cecive",excel_import,Planilla de movimientos 2026.xls,Ret Frio,76
0a59f734-87e3-3cea-bb9c-8c19978182a9,XLS-ENTREGAS-A-CLIENTES-2026-674-R2,61cb476c-c53e-34cf-b2da-6c4a38ad8f73,DISPATCH,083eee98-d2a9-321a-b041-d78a1e5d222f,,15bacbfc-36e4-3897-b9eb-6828c6fd555a,28380.000,2026-03-12 00:00:00-03:00,CONFIRMED,674,directo de santa ana | DTV: 13374249-2 | Calibre: granel,excel_import,Planilla de movimientos 2026.xls,Entregas a clientes 2026,2
0c1a58f4-e178-36db-8a47-a9ee522aca69,XLS-ENTREGAS-A-CLIENTES-2026-675-R3,61cb476c-c53e-34cf-b2da-6c4a38ad8f73,DISPATCH,083eee98-d2a9-321a-b041-d78a1e5d222f,,15bacbfc-36e4-3897-b9eb-6828c6fd555a,32040.000,2026-03-12 00:00:00-03:00,CONFIRMED,675,directo de santa ana | DTV: 13374271-9 | Calibre: granel,excel_import,Planilla de movimientos 2026.xls,Entregas a clientes 2026,3
0b0e3d8e-75c4-3513-ad9e-7f0160fcfc33,XLS-ENTREGAS-A-CLIENTES-2026-678-R4,61cb476c-c53e-34cf-b2da-6c4a38ad8f73,DISPATCH,083eee98-d2a9-321a-b041-d78a1e5d222f,,15bacbfc-36e4-3897-b9eb-6828c6fd555a,33780.000,2026-03-12 00:00:00-03:00,CONFIRMED,678,directo de santa ana | DTV: 13380613-5 | Calibre: granel,excel_import,Planilla de movimientos 2026.xls,Entregas a clientes 2026,4
8cbc2967-7dc6-3f08-8a91-bfa0e0ce5950,XLS-ENTREGAS-A-CLIENTES-2026-679-R5,61cb476c-c53e-34cf-b2da-6c4a38ad8f73,DISPATCH,083eee98-d2a9-321a-b041-d78a1e5d222f,,15bacbfc-36e4-3897-b9eb-6828c6fd555a,28640.000,2026-03-14 00:00:00-03:00,CONFIRMED,679,directo de santa ana | DTV: 13382859-1 | Calibre: granel,excel_import,Planilla de movimientos 2026.xls,Entregas a clientes 2026,5
7ad48f5c-e0b7-3b5b-833f-287bf0594314,XLS-ENTREGAS-A-CLIENTES-2026-850-R6,6ee02268-e466-3646-b7c8-014f8aa69b58,DISPATCH,07f3d789-ec0b-31b2-be86-2d20b032ef0b,,3e2e1436-5db1-377b-904c-bac26c8f766a,15600.000,2026-04-21 00:00:00-03:00,CONFIRMED,850,cargo en galpon mar del plata | DTV: 13587702-6 | Calibre: sin chicas,excel_import,Planilla de movimientos 2026.xls,Entregas a clientes 2026,6
c116f21e-253c-3eb9-b5d5-2c702a68ba53,XLS-ENTREGAS-A-CLIENTES-2026-1020-R7,2079272e-74d0-36cd-a9be-37f6aa60cfdb,DISPATCH,083eee98-d2a9-321a-b041-d78a1e5d222f,,3e2e1436-5db1-377b-904c-bac26c8f766a,27480.000,2026-04-16 00:00:00-03:00,CONFIRMED,1020,"cargo en santa ana ,en bolsones. | DTV: 13581534-9 | Calibre: recibo",excel_import,Planilla de movimientos 2026.xls,Entregas a clientes 2026,7
152f70e1-eccc-3c0c-8053-b5aecbf3004a,XLS-ENTREGAS-A-CLIENTES-2026-1021-R8,2079272e-74d0-36cd-a9be-37f6aa60cfdb,DISPATCH,083eee98-d2a9-321a-b041-d78a1e5d222f,,3e2e1436-5db1-377b-904c-bac26c8f766a,26760.000,2026-04-16 00:00:00-03:00,CONFIRMED,1021,"cargo en santa ana ,en bolsones. | DTV: 13581466-0 | Calibre: recibo",excel_import,Planilla de movimientos 2026.xls,Entregas a clientes 2026,8
741c70c6-8ab1-364c-9a9c-bd7fce6af108,XLS-ENTREGAS-A-CLIENTES-2026-1025-R9,2079272e-74d0-36cd-a9be-37f6aa60cfdb,DISPATCH,083eee98-d2a9-321a-b041-d78a1e5d222f,,3e2e1436-5db1-377b-904c-bac26c8f766a,17200.000,2026-04-23 00:00:00-03:00,CONFIRMED,1025,galpon mdp asterix + daifla en sta ana | DTV: 13587702-6 | Calibre: recibo,excel_import,Planilla de movimientos 2026.xls,Entregas a clientes 2026,9
8bcb268c-5efd-3c10-aac5-5aac46dbb6b3,XLS-ENTREGAS-A-CLIENTES-2026-1026-R10,2079272e-74d0-36cd-a9be-37f6aa60cfdb,DISPATCH,083eee98-d2a9-321a-b041-d78a1e5d222f,,3e2e1436-5db1-377b-904c-bac26c8f766a,27780.000,2026-04-24 00:00:00-03:00,CONFIRMED,1026,"cargo en santa ana ,en bolsones. | DTV: 13599459-6 | Calibre: recibo",excel_import,Planilla de movimientos 2026.xls,Entregas a clientes 2026,10
02ab8836-2ceb-3ce6-b16b-381f6a349ff9,XLS-ENTREGAS-A-CLIENTES-2026-871-R11,b79b5b51-4dd5-33e5-a7a8-9efce267a9da,DISPATCH,617354b4-8a9b-3cdf-9083-9f247d037fcd,,132d5ceb-e90f-3e4e-9b6a-96d383591975,32500.000,2026-05-07 00:00:00-03:00,CONFIRMED,871,"en planta,b.roja -hilo blanco | DTV: 13677656-8 | Categoría: (lamb weston) | Calibre: recibo",excel_import,Planilla de movimientos 2026.xls,Entregas a clientes 2026,11
98e6a001-24e8-35e7-9430-3434057d67f7,XLS-ENTREGAS-A-CLIENTES-2026-872-R12,b79b5b51-4dd5-33e5-a7a8-9efce267a9da,DISPATCH,617354b4-8a9b-3cdf-9083-9f247d037fcd,,132d5ceb-e90f-3e4e-9b6a-96d383591975,31900.000,2026-05-08 00:00:00-03:00,CONFIRMED,872,"en planta,b.roja -hilo blanco | DTV: 13681619-5 | Categoría: (lamb weston) | Calibre: recibo",excel_import,Planilla de movimientos 2026.xls,Entregas a clientes 2026,12
b7898cf5-62e8-3fcb-8c47-bcb6c2952dab,XLS-ENTREGAS-A-CLIENTES-2026-873-R13,b79b5b51-4dd5-33e5-a7a8-9efce267a9da,DISPATCH,617354b4-8a9b-3cdf-9083-9f247d037fcd,,132d5ceb-e90f-3e4e-9b6a-96d383591975,32300.000,2026-05-11 00:00:00-03:00,CONFIRMED,873,"en planta,b.roja -hilo blanco | DTV: 13694801-6 | Categoría: (lamb weston) | Calibre: recibo",excel_import,Planilla de movimientos 2026.xls,Entregas a clientes 2026,13
c40aa571-6c83-3a15-87a4-4054fd5c31fb,XLS-ENTREGAS-A-CLIENTES-2026-721-R14,2199be8e-0c88-3904-8dd5-54461f5ad017,DISPATCH,083eee98-d2a9-321a-b041-d78a1e5d222f,,03e1dc8a-2e00-3c6f-bf09-aed2c60d2051,34260.000,2026-05-14 00:00:00-03:00,CONFIRMED,721,cargo en sta ana bolson-granel | DTV: 13713031-9 | Categoría: 56 BOLSONES | Calibre: granel,excel_import,Planilla de movimientos 2026.xls,Entregas a clientes 2026,14
a7d27009-9dd0-3627-83c1-32aacab8b24a,XLS-ENTREGAS-A-CLIENTES-2026-722-R15,2199be8e-0c88-3904-8dd5-54461f5ad017,DISPATCH,083eee98-d2a9-321a-b041-d78a1e5d222f,,03e1dc8a-2e00-3c6f-bf09-aed2c60d2051,33780.000,2026-05-14 00:00:00-03:00,CONFIRMED,722,cargo en sta ana bolson-granel | DTV: 13713177-3 | Categoría: 60 BOLSONES | Calibre: granel,excel_import,Planilla de movimientos 2026.xls,Entregas a clientes 2026,15
1e475360-b870-3771-bc6b-a21336d99906,XLS-ENTREGAS-A-CLIENTES-2026-723-R16,2199be8e-0c88-3904-8dd5-54461f5ad017,DISPATCH,083eee98-d2a9-321a-b041-d78a1e5d222f,,03e1dc8a-2e00-3c6f-bf09-aed2c60d2051,31740.000,2026-05-15 00:00:00-03:00,CONFIRMED,723,cargo en sta ana bolson-granel | DTV: 13719739-1 | Categoría: 50 BOLSONES | Calibre: granel,excel_import,Planilla de movimientos 2026.xls,Entregas a clientes 2026,16
ee5c38a3-f9fd-387f-b35d-089042c15b3c,XLS-ENTREGAS-A-CLIENTES-2026-897-R17,6a7cd702-4dfb-3502-89be-673d1d5c6502,DISPATCH,617354b4-8a9b-3cdf-9083-9f247d037fcd,,930b1a04-cb59-39de-b794-10b922edcac5,35580.000,2026-06-17 00:00:00-03:00,CONFIRMED,897,en planta | Calibre: recibo,excel_import,Planilla de movimientos 2026.xls,Entregas a clientes 2026,17
cdb16aaf-0a5b-30af-9a99-884637fbc12d,XLS-ENTREGAS-A-CLIENTES-2026-908-R18,425a166d-4d41-322e-8979-2af532a4f9a2,DISPATCH,617354b4-8a9b-3cdf-9083-9f247d037fcd,,3e2e1436-5db1-377b-904c-bac26c8f766a,16800.000,2026-06-24 00:00:00-03:00,CONFIRMED,908,en planta mercaderia repasada | DTV: 13974897-2 | Calibre: exportacion,excel_import,Planilla de movimientos 2026.xls,Entregas a clientes 2026,18
4a4a84ed-8b15-3790-9ac0-dfbd8af4953a,XLS-ENTREGAS-A-CLIENTES-2026-908-R19,b8c2f046-e5cd-3bd7-9122-e27363e44811,DISPATCH,617354b4-8a9b-3cdf-9083-9f247d037fcd,,3e2e1436-5db1-377b-904c-bac26c8f766a,4438.000,2026-06-24 00:00:00-03:00,CONFIRMED,908,EN PLANTA PAPASUD-PARMENTIER | DTV: idem | Calibre: sin chicas,excel_import,Planilla de movimientos 2026.xls,Entregas a clientes 2026,19
3e8675b8-69f6-366b-9c3f-d25935b80974,XLS-ENTREGAS-A-CLIENTES-2026-908-R20,b8c2f046-e5cd-3bd7-9122-e27363e44811,DISPATCH,617354b4-8a9b-3cdf-9083-9f247d037fcd,,3e2e1436-5db1-377b-904c-bac26c8f766a,5100.000,2026-06-24 00:00:00-03:00,CONFIRMED,908,EN PLANTA PAPASUD-PARMENTIER | DTV: idem | Calibre: exportacion,excel_import,Planilla de movimientos 2026.xls,Entregas a clientes 2026,20
cfcf292e-7274-33ed-954c-f2a5e55fafdb,XLS-ENTREGAS-A-CLIENTES-2026-909-R21,3bae3254-2fce-3776-b9ba-07d7253f20af,DISPATCH,617354b4-8a9b-3cdf-9083-9f247d037fcd,,245996d5-6d4d-3894-8e62-f77ac1110a52,10000.000,2026-06-27 00:00:00-03:00,CONFIRMED,909,en planta. | Calibre: recibo,excel_import,Planilla de movimientos 2026.xls,Entregas a clientes 2026,21
356ba5c0-bda3-3cad-9b2e-9ee6872698e1,XLS-ENTREGAS-A-CLIENTES-2026-910-R22,bef23c17-7448-3eeb-90a6-05b05535b2b0,DISPATCH,617354b4-8a9b-3cdf-9083-9f247d037fcd,,957b90d0-7302-3407-b8be-3d556db16d04,32760.000,2026-06-30 00:00:00-03:00,CONFIRMED,910,en planta. | Calibre: recibo,excel_import,Planilla de movimientos 2026.xls,Entregas a clientes 2026,22
2cfac89d-edf1-3343-ae7b-9f36cc26e593,XLS-ENTREGAS-A-CLIENTES-2026-911-R23,e85b4d0f-d7e5-3d53-9957-96f445843760,DISPATCH,a861ff17-e8de-3618-b519-6667d124417a,,c0900059-6842-3581-af92-4004af88b55d,7580.000,2026-07-01 00:00:00-03:00,CONFIRMED,911,en pancani | DTV: 14022910-5 | Calibre: recibo,excel_import,Planilla de movimientos 2026.xls,Entregas a clientes 2026,23
feaf9c4a-c373-3f62-8463-8c9ecf6eedef,XLS-ENTREGAS-A-CLIENTES-2026-913-R24,321479d3-9daa-3961-80a0-63479a27490f,DISPATCH,e19becd6-3196-3358-91f5-efd95375a947,,08b1d18c-b179-3eb7-bf9f-226b82d2856a,29800.000,2026-07-03 00:00:00-03:00,CONFIRMED,913,en cecive | DTV: 14039047-5 | Calibre: recibo,excel_import,Planilla de movimientos 2026.xls,Entregas a clientes 2026,24
83c6049f-995e-3f10-b6cd-1f849b410f65,XLS-ENTREGAS-A-CLIENTES-2026-914-R25,3bae3254-2fce-3776-b9ba-07d7253f20af,DISPATCH,617354b4-8a9b-3cdf-9083-9f247d037fcd,,069163ee-2d7f-3cc1-9593-4bc62dc6b89b,14620.000,2026-07-07 00:00:00-03:00,CONFIRMED,914,en planta | DTV: 14057064-8 | Calibre: desc.paraguay,excel_import,Planilla de movimientos 2026.xls,Entregas a clientes 2026,25
5000fb58-0614-3499-86bf-89c2f4ff428b,XLS-ENTREGAS-A-CLIENTES-2026-915-R26,eaad3bc5-a11f-30e3-907d-633e33f8cf10,DISPATCH,e19becd6-3196-3358-91f5-efd95375a947,,77e82298-08d8-3205-8599-d9ae92f74ef6,14640.000,2026-07-07 00:00:00-03:00,CONFIRMED,915,en cecive | DTV: idem | Calibre: recibo,excel_import,Planilla de movimientos 2026.xls,Entregas a clientes 2026,26
9de90487-eb9f-3a9d-9651-0a6a4af62ee0,XLS-ENTREGAS-A-CLIENTES-2026-916-R27,3bae3254-2fce-3776-b9ba-07d7253f20af,DISPATCH,e19becd6-3196-3358-91f5-efd95375a947,,dd06f7a7-bec1-359c-bd11-8a281d9d4b6d,29400.000,2026-07-07 00:00:00-03:00,CONFIRMED,916,en sasula-completa en cecive | Categoría: 540 sasu+50 ceci | Calibre: recibo,excel_import,Planilla de movimientos 2026.xls,Entregas a clientes 2026,27
fc361591-4115-3bbd-af47-36d6c78b9279,XLS-ENTREGAS-A-CLIENTES-2026-917-R28,bef23c17-7448-3eeb-90a6-05b05535b2b0,DISPATCH,617354b4-8a9b-3cdf-9083-9f247d037fcd,,233ee041-14d5-3a6b-9516-118f60d3222e,29440.000,2026-07-08 00:00:00-03:00,CONFIRMED,917,en planta | DTV: 14063633-9 | Calibre: recibo,excel_import,Planilla de movimientos 2026.xls,Entregas a clientes 2026,28
eee1f83b-70d9-30b3-9a2c-005422c7af72,XLS-ENTREGAS-A-CLIENTES-2026-918-R29,bef23c17-7448-3eeb-90a6-05b05535b2b0,DISPATCH,617354b4-8a9b-3cdf-9083-9f247d037fcd,,105df32d-4c9e-375a-b16d-4286373238df,32080.000,2026-07-08 00:00:00-03:00,CONFIRMED,918,en planta | DTV: 14062871-9 | Calibre: recibo,excel_import,Planilla de movimientos 2026.xls,Entregas a clientes 2026,29
7e7df84b-aef5-3a93-b338-ca62bc4c9f56,XLS-ENTREGAS-A-CLIENTES-2026-919-R30,3bae3254-2fce-3776-b9ba-07d7253f20af,DISPATCH,617354b4-8a9b-3cdf-9083-9f247d037fcd,,069163ee-2d7f-3cc1-9593-4bc62dc6b89b,28600.000,2026-07-08 00:00:00-03:00,CONFIRMED,919,en planta | Calibre: desc.paraguay,excel_import,Planilla de movimientos 2026.xls,Entregas a clientes 2026,30
a9555dcc-e0cf-3f13-b8a0-1641aa4b928b,XLS-ENTREGAS-A-CLIENTES-2026-920-R31,3bae3254-2fce-3776-b9ba-07d7253f20af,DISPATCH,617354b4-8a9b-3cdf-9083-9f247d037fcd,,069163ee-2d7f-3cc1-9593-4bc62dc6b89b,30200.000,2026-07-08 00:00:00-03:00,CONFIRMED,920,en planta | Calibre: desc.paraguay,excel_import,Planilla de movimientos 2026.xls,Entregas a clientes 2026,31
ccc0e4dd-5b27-33d2-9481-c71ff9bf42dc,XLS-ENTREGAS-A-CLIENTES-2026-921-R32,bef23c17-7448-3eeb-90a6-05b05535b2b0,DISPATCH,617354b4-8a9b-3cdf-9083-9f247d037fcd,,4bf7ea77-a1e2-3b97-b54e-43a3cf9b1d81,29400.000,2026-07-09 00:00:00-03:00,CONFIRMED,921,en planta | DTV: 14070747-3 | Calibre: recibo,excel_import,Planilla de movimientos 2026.xls,Entregas a clientes 2026,32
a3dbec8a-f983-34a0-80fa-8cd319703990,XLS-ENTREGAS-A-CLIENTES-2026-922-R33,bef23c17-7448-3eeb-90a6-05b05535b2b0,DISPATCH,617354b4-8a9b-3cdf-9083-9f247d037fcd,,acfb4b3c-b673-3e36-8376-bad8d6d5e04d,29400.000,2026-07-10 00:00:00-03:00,CONFIRMED,922,en planta | DTV: 14074881-1 | Calibre: recibo,excel_import,Planilla de movimientos 2026.xls,Entregas a clientes 2026,33
bb963482-6c9d-324d-8549-a926ba6d660b,XLS-ENTREGAS-A-CLIENTES-2026-924-R34,425a166d-4d41-322e-8979-2af532a4f9a2,DISPATCH,617354b4-8a9b-3cdf-9083-9f247d037fcd,,245996d5-6d4d-3894-8e62-f77ac1110a52,9972.000,2026-07-11 00:00:00-03:00,CONFIRMED,924,en planta | Calibre: exportacion,excel_import,Planilla de movimientos 2026.xls,Entregas a clientes 2026,34
95b84c6d-adb3-3095-955f-65f2988a8435,XLS-ENTREGAS-A-CLIENTES-2026-924-R35,f57ec31d-57b1-3181-b78a-7ffd0bfc8787,DISPATCH,617354b4-8a9b-3cdf-9083-9f247d037fcd,,245996d5-6d4d-3894-8e62-f77ac1110a52,22438.000,2026-07-11 00:00:00-03:00,CONFIRMED,924,en planta | Calibre: recibo,excel_import,Planilla de movimientos 2026.xls,Entregas a clientes 2026,35
c6ca5b57-7432-395e-a332-cf8e4a6eb9ef,XLS-ENTREGAS-A-CLIENTES-2026-924-R36,3bae3254-2fce-3776-b9ba-07d7253f20af,DISPATCH,617354b4-8a9b-3cdf-9083-9f247d037fcd,,245996d5-6d4d-3894-8e62-f77ac1110a52,5086.000,2026-07-11 00:00:00-03:00,CONFIRMED,924,en planta | Calibre: recibo,excel_import,Planilla de movimientos 2026.xls,Entregas a clientes 2026,36
db76c9e2-19fa-3480-8b87-e361a33539b5,XLS-ENTREGAS-A-CLIENTES-2026-925-R37,eaad3bc5-a11f-30e3-907d-633e33f8cf10,DISPATCH,e19becd6-3196-3358-91f5-efd95375a947,,a10dbd05-562d-3da2-986b-8daa43fa3a57,15150.000,2026-07-11 00:00:00-03:00,CONFIRMED,925,"en cecive,directo de camara | DTV: 14087809-5 | Calibre: recibo",excel_import,Planilla de movimientos 2026.xls,Entregas a clientes 2026,37
f8681712-75b8-381c-9a7d-4fde67eee3de,XLS-ENTREGAS-A-CLIENTES-2026-925-R38,19f4f95b-780e-3c2f-84a2-061148973523,DISPATCH,617354b4-8a9b-3cdf-9083-9f247d037fcd,,a10dbd05-562d-3da2-986b-8daa43fa3a57,15150.000,2026-07-11 00:00:00-03:00,CONFIRMED,925,en planta | DTV: idem | Calibre: recibo,excel_import,Planilla de movimientos 2026.xls,Entregas a clientes 2026,38
1aaf932d-18bc-37c7-9d78-d936da269bbe,XLS-ENTREGAS-A-CLIENTES-2026-926-R39,bef23c17-7448-3eeb-90a6-05b05535b2b0,DISPATCH,617354b4-8a9b-3cdf-9083-9f247d037fcd,,233ee041-14d5-3a6b-9516-118f60d3222e,29400.000,2026-07-13 00:00:00-03:00,CONFIRMED,926,en planta | DTV: 14092487-3 | Calibre: recibo,excel_import,Planilla de movimientos 2026.xls,Entregas a clientes 2026,39
f3fa643b-5c89-3533-a4bb-d8f4d18a39e6,XLS-ENTREGAS-A-CLIENTES-2026-927-R40,321479d3-9daa-3961-80a0-63479a27490f,DISPATCH,e19becd6-3196-3358-91f5-efd95375a947,,08b1d18c-b179-3eb7-bf9f-226b82d2856a,24036.000,2026-07-13 00:00:00-03:00,CONFIRMED,927,en cecive | DTV: 14096084-5 | Calibre: recibo,excel_import,Planilla de movimientos 2026.xls,Entregas a clientes 2026,40
bdbe4250-8883-396e-9713-35cab81ad89a,XLS-ENTREGAS-A-CLIENTES-2026-927-R41,bd562a48-c404-3415-877f-2e406b71e3da,DISPATCH,e19becd6-3196-3358-91f5-efd95375a947,,08b1d18c-b179-3eb7-bf9f-226b82d2856a,2404.000,2026-07-13 00:00:00-03:00,CONFIRMED,927,en cecive | DTV: idem | Calibre: recibo,excel_import,Planilla de movimientos 2026.xls,Entregas a clientes 2026,41
103d0c32-179a-3de0-bd91-5675e813ecd7,XLS-ENTREGAS-A-CLIENTES-2026-927-R42,425a166d-4d41-322e-8979-2af532a4f9a2,DISPATCH,617354b4-8a9b-3cdf-9083-9f247d037fcd,,08b1d18c-b179-3eb7-bf9f-226b82d2856a,2500.000,2026-07-13 00:00:00-03:00,CONFIRMED,927,en planta | DTV: idem | Calibre: recibo,excel_import,Planilla de movimientos 2026.xls,Entregas a clientes 2026,42
7696c3d5-1e24-3413-9b7d-1930d227ed8f,XLS-ENTREGAS-A-CLIENTES-2026-928-R43,bef23c17-7448-3eeb-90a6-05b05535b2b0,DISPATCH,e19becd6-3196-3358-91f5-efd95375a947,,cbb42460-fbee-3f26-bcd6-ffe763d8eca0,29820.000,2026-07-13 00:00:00-03:00,CONFIRMED,928,en cecive | DTV: 14096934-6 | Calibre: recibo,excel_import,Planilla de movimientos 2026.xls,Entregas a clientes 2026,43
4c4739ee-1c62-397f-aea9-40c7771a96f9,XLS-ENTREGAS-A-CLIENTES-2026-929-R44,2199be8e-0c88-3904-8dd5-54461f5ad017,DISPATCH,617354b4-8a9b-3cdf-9083-9f247d037fcd,,252672e3-b50f-3f24-a2d7-388ef0ed9371,29400.000,2026-07-14 00:00:00-03:00,CONFIRMED,929,en planta | DTV: 14099828-1 | Calibre: recibo,excel_import,Planilla de movimientos 2026.xls,Entregas a clientes 2026,44
60c82955-afef-348e-abce-04a7c60fdcb1,XLS-ENTREGAS-A-CLIENTES-2026-930-R45,0908b843-e365-3766-b52a-ff4d260ac903,DISPATCH,617354b4-8a9b-3cdf-9083-9f247d037fcd,,447320e5-d3ce-3fe6-94e8-73fab6b14c46,5040.000,2026-07-14 00:00:00-03:00,CONFIRMED,930,en planta | Categoría: papasud-hzpc | Calibre: sin chicas,excel_import,Planilla de movimientos 2026.xls,Entregas a clientes 2026,45
e9d62cd7-0c15-3d6e-85b0-5f414fe23ddf,XLS-ENTREGAS-A-CLIENTES-2026-931-R46,bef23c17-7448-3eeb-90a6-05b05535b2b0,DISPATCH,617354b4-8a9b-3cdf-9083-9f247d037fcd,,acfb4b3c-b673-3e36-8376-bad8d6d5e04d,19600.000,2026-07-14 00:00:00-03:00,CONFIRMED,931,en planta | DTV: 14104582-2 | Calibre: recibo,excel_import,Planilla de movimientos 2026.xls,Entregas a clientes 2026,46
f7f1f4a1-ab90-3d0f-8f4a-2c80a810ddb9,XLS-ENTREGAS-A-CLIENTES-2026-932-R47,bef23c17-7448-3eeb-90a6-05b05535b2b0,DISPATCH,e19becd6-3196-3358-91f5-efd95375a947,,8653beef-bb8b-37dc-b8fb-8d610bba4c81,11080.000,2026-07-14 00:00:00-03:00,CONFIRMED,932,"200 b.roja en cecive,24 b.blanca en planta | DTV: sin dtv | Calibre: recibo",excel_import,Planilla de movimientos 2026.xls,Entregas a clientes 2026,47
6eb9033a-6054-31b4-a1aa-80ad92642e43,XLS-ENTREGAS-A-CLIENTES-2026-933-R48,561bed72-1b32-3f1c-a32a-643499646754,DISPATCH,dd91ddb2-261a-3729-abd7-ee7462caa207,,105df32d-4c9e-375a-b16d-4286373238df,27220.000,2026-07-15 00:00:00-03:00,CONFIRMED,933,cargo en sasula bolsa roja. | DTV: 14107968-9 | Calibre: recibo,excel_import,Planilla de movimientos 2026.xls,Entregas a clientes 2026,48
f301dee8-80b5-3e0e-bbde-11185f0cbb4f,XLS-ENTREGAS-A-CLIENTES-2026-934-R49,3bae3254-2fce-3776-b9ba-07d7253f20af,DISPATCH,e19becd6-3196-3358-91f5-efd95375a947,,843215ff-7e17-3774-8ec6-dd55dceebb12,29400.000,2026-07-16 00:00:00-03:00,CONFIRMED,934,cargo en cecive | DTV: varios(consumo) | Calibre: recibo,excel_import,Planilla de movimientos 2026.xls,Entregas a clientes 2026,49
b6d240a7-b1f2-3b7f-81fb-4ef6def46afc,XLS-ENTREGAS-A-CLIENTES-2026-935-R50,561bed72-1b32-3f1c-a32a-643499646754,DISPATCH,dd91ddb2-261a-3729-abd7-ee7462caa207,,5e1407d2-539d-3dbd-a227-cfbae7158228,7350.000,2026-07-16 00:00:00-03:00,CONFIRMED,935,cargo en sasula | DTV: 14116681-6 | Calibre: recibo,excel_import,Planilla de movimientos 2026.xls,Entregas a clientes 2026,50
244a98e2-3c71-33b0-bd1a-f79652ff2e24,XLS-ENTREGAS-A-CLIENTES-2026-936-R51,561bed72-1b32-3f1c-a32a-643499646754,DISPATCH,dd91ddb2-261a-3729-abd7-ee7462caa207,,71bdec3d-8f6e-3acf-b588-0591567c8a9b,12250.000,2026-07-16 00:00:00-03:00,CONFIRMED,936,cargo en sasula | DTV: 14116774-5 | Categoría: daghero damian | Calibre: recibo,excel_import,Planilla de movimientos 2026.xls,Entregas a clientes 2026,51
c335e520-de4f-33ab-90fc-8fc63f6c5138,XLS-ENTREGAS-A-CLIENTES-2026-937-R52,561bed72-1b32-3f1c-a32a-643499646754,DISPATCH,dd91ddb2-261a-3729-abd7-ee7462caa207,,05e53c1d-c81c-3cc5-a2ff-e2b0ba52d976,9800.000,2026-07-16 00:00:00-03:00,CONFIRMED,937,cargo en sasula | DTV: 14116890-8 | Calibre: recibo,excel_import,Planilla de movimientos 2026.xls,Entregas a clientes 2026,52
84ec20b3-f034-3d27-afcb-4a855ddf9455,XLS-ENTREGAS-A-CLIENTES-2026-938-R53,561bed72-1b32-3f1c-a32a-643499646754,DISPATCH,dd91ddb2-261a-3729-abd7-ee7462caa207,,d1423c34-bed7-3175-b385-614b216caac7,2450.000,2026-07-16 00:00:00-03:00,CONFIRMED,938,cargo en sasula | DTV: sin dtv | Categoría: daghero edgardo | Calibre: recibo,excel_import,Planilla de movimientos 2026.xls,Entregas a clientes 2026,53
3c4e6478-f5e7-3382-bc29-f91a8756f1dc,XLS-ENTREGAS-A-CLIENTES-2026-939-R54,561bed72-1b32-3f1c-a32a-643499646754,DISPATCH,e19becd6-3196-3358-91f5-efd95375a947,,29c2d42d-cdde-3c50-9e05-642a13c18e3c,1078.000,2026-07-16 00:00:00-03:00,CONFIRMED,939,cargo en cecive | DTV: sin dtv | Calibre: recibo,excel_import,Planilla de movimientos 2026.xls,Entregas a clientes 2026,54
9a3d4a0e-0395-3e75-a64e-6d1c19fcfba8,XLS-ENTREGAS-A-CLIENTES-2026-940-R55,561bed72-1b32-3f1c-a32a-643499646754,DISPATCH,dd91ddb2-261a-3729-abd7-ee7462caa207,,faddcbc4-c010-398a-b284-ba9bcf2e0fe0,29400.000,2026-07-18 00:00:00-03:00,CONFIRMED,940,cargo en sasula | DTV: 14129494-6 | Calibre: recibo,excel_import,Planilla de movimientos 2026.xls,Entregas a clientes 2026,55
5217ea52-b17e-3826-a850-4c928007db4e,XLS-ENTREGAS-A-CLIENTES-2026-941-R56,c72c7913-d1b2-3ed8-a095-372092212f5f,DISPATCH,e19becd6-3196-3358-91f5-efd95375a947,,069163ee-2d7f-3cc1-9593-4bc62dc6b89b,30120.000,2026-07-18 00:00:00-03:00,CONFIRMED,941,cargo en cecive | DTV: anular cuando llegue | Calibre: recibo,excel_import,Planilla de movimientos 2026.xls,Entregas a clientes 2026,56
69ba4a05-9234-3720-8270-9535653f8cad,XLS-ENTREGAS-A-CLIENTES-2026-942-R57,0908b843-e365-3766-b52a-ff4d260ac903,DISPATCH,617354b4-8a9b-3cdf-9083-9f247d037fcd,,2d66cb08-4738-3c28-a624-8c0c88b1cafe,5140.000,2026-07-18 00:00:00-03:00,CONFIRMED,942,cargo en planta | Categoría: papasud-hzpc | Calibre: recibo,excel_import,Planilla de movimientos 2026.xls,Entregas a clientes 2026,57
b6fadae2-0770-3651-87ae-b83403a7d0f0,XLS-ENTREGAS-A-CLIENTES-2026-946-R58,ff756869-cf84-3e9c-8a59-416853e8d042,DISPATCH,e19becd6-3196-3358-91f5-efd95375a947,,4ff516dd-5495-3f73-9efb-89cc43c4649b,31220.000,2026-07-21 00:00:00-03:00,CONFIRMED,946,cargo en cecive | DTV: 14144476-5 | Calibre: exportacion,excel_import,Planilla de movimientos 2026.xls,Entregas a clientes 2026,58
909d6c9e-027e-395a-986a-69537ea31fc6,XLS-ENTREGAS-A-CLIENTES-2026-947-R59,561bed72-1b32-3f1c-a32a-643499646754,DISPATCH,e19becd6-3196-3358-91f5-efd95375a947,,c4631816-1fd7-3220-a61c-ceb352a333d0,12250.000,2026-07-22 00:00:00-03:00,CONFIRMED,947,cargo en cecive repasada | DTV: 14146451-5 | Calibre: recibo,excel_import,Planilla de movimientos 2026.xls,Entregas a clientes 2026,59
2baa0440-84ac-3f09-97bc-cef9e2202d8e,XLS-ENTREGAS-A-CLIENTES-2026-948-R60,561bed72-1b32-3f1c-a32a-643499646754,DISPATCH,e19becd6-3196-3358-91f5-efd95375a947,,dd06f7a7-bec1-359c-bd11-8a281d9d4b6d,12250.000,2026-07-22 00:00:00-03:00,CONFIRMED,948,cargo en cecive repasada | DTV: 14149806-1 | Calibre: recibo,excel_import,Planilla de movimientos 2026.xls,Entregas a clientes 2026,60
85b0c2f1-b375-3c4b-a7e9-b5370c51ac89,XLS-ENTREGAS-A-CLIENTES-2026-949-R61,561bed72-1b32-3f1c-a32a-643499646754,DISPATCH,e19becd6-3196-3358-91f5-efd95375a947,,e47e9348-89c1-3c40-80e2-1f018f888e4a,3430.000,2026-07-22 00:00:00-03:00,CONFIRMED,949,cargo en cecive repasada | DTV: sin dtv | Calibre: recibo,excel_import,Planilla de movimientos 2026.xls,Entregas a clientes 2026,61
91e009fd-a476-3c63-92fe-94bf422af157,XLS-ENTREGAS-A-CLIENTES-2026-950-R62,561bed72-1b32-3f1c-a32a-643499646754,DISPATCH,e19becd6-3196-3358-91f5-efd95375a947,,b95b7638-5088-38ae-9c98-5ce15b53fb60,1470.000,2026-07-22 00:00:00-03:00,CONFIRMED,950,cargo en cecive repasada | DTV: sin dtv | Calibre: recibo,excel_import,Planilla de movimientos 2026.xls,Entregas a clientes 2026,62
4699cda3-e86c-3312-84e3-252ee4a847e2,XLS-ENTREGAS-A-CLIENTES-2026-951-R63,eaad3bc5-a11f-30e3-907d-633e33f8cf10,DISPATCH,e19becd6-3196-3358-91f5-efd95375a947,,77d3bbde-d14a-36d9-97f9-1c2cad86af2b,4900.000,2026-07-22 00:00:00-03:00,CONFIRMED,951,directo de camara cecive | DTV: 14148327-7 | Calibre: recibo,excel_import,Planilla de movimientos 2026.xls,Entregas a clientes 2026,63
f3de80bf-82cf-3ed2-b743-9613dfcab167,XLS-ENTREGAS-A-CLIENTES-2026-955-R64,eaad3bc5-a11f-30e3-907d-633e33f8cf10,DISPATCH,e19becd6-3196-3358-91f5-efd95375a947,,c4631816-1fd7-3220-a61c-ceb352a333d0,6370.000,2026-07-22 00:00:00-03:00,CONFIRMED,955,directo de camara cecive | DTV: sin dtv | Calibre: recibo,excel_import,Planilla de movimientos 2026.xls,Entregas a clientes 2026,64
12cd027a-2af7-3daa-9dde-bb3f7396ed92,XLS-ENTREGAS-A-CLIENTES-2026-956-R65,2199be8e-0c88-3904-8dd5-54461f5ad017,DISPATCH,dd91ddb2-261a-3729-abd7-ee7462caa207,,094f19fd-c3eb-3602-8477-de8435e41bf1,12250.000,2026-07-22 00:00:00-03:00,CONFIRMED,956,cargo en sasula | DTV: 14151509-8 | Calibre: recibo,excel_import,Planilla de movimientos 2026.xls,Entregas a clientes 2026,65
f63d5db9-b728-3972-ab7a-243997f1dbff,XLS-ENTREGAS-A-CLIENTES-2026-957-R66,2199be8e-0c88-3904-8dd5-54461f5ad017,DISPATCH,dd91ddb2-261a-3729-abd7-ee7462caa207,,68290597-0ea4-395b-ad64-0bd307964da9,4900.000,2026-07-22 00:00:00-03:00,CONFIRMED,957,cargo en sasula | DTV: 14151780-5 | Calibre: recibo,excel_import,Planilla de movimientos 2026.xls,Entregas a clientes 2026,66
f8607d0e-9174-339e-b9a8-23f6ba73a2e8,XLS-ENTREGAS-A-CLIENTES-2026-958-R67,2199be8e-0c88-3904-8dd5-54461f5ad017,DISPATCH,dd91ddb2-261a-3729-abd7-ee7462caa207,,e161ae2f-159f-3322-8f5c-b9c59416ed13,12250.000,2026-07-22 00:00:00-03:00,CONFIRMED,958,cargo en sasula | DTV: 14151681-7 | Calibre: recibo,excel_import,Planilla de movimientos 2026.xls,Entregas a clientes 2026,67
a3b47de1-bf98-36de-9d42-ca86e76c47c8,XLS-ENTREGAS-A-CLIENTES-2026-959-R68,2199be8e-0c88-3904-8dd5-54461f5ad017,DISPATCH,617354b4-8a9b-3cdf-9083-9f247d037fcd,,17dcccce-5264-3159-a18c-7e6a512316f4,12540.000,2026-07-22 00:00:00-03:00,CONFIRMED,959,cargo en planta | DTV: 1415224-8 | Calibre: recibo,excel_import,Planilla de movimientos 2026.xls,Entregas a clientes 2026,68
d2950f7b-e003-3ade-a734-fd0c76c5ac62,XLS-ENTREGAS-A-CLIENTES-2026-961-R69,d17e9504-db28-3f91-bb47-26f249630bea,DISPATCH,e19becd6-3196-3358-91f5-efd95375a947,,069163ee-2d7f-3cc1-9593-4bc62dc6b89b,30860.000,2026-07-23 00:00:00-03:00,CONFIRMED,961,cargo en cecive | DTV: sin dtv | Calibre: recibo,excel_import,Planilla de movimientos 2026.xls,Entregas a clientes 2026,69
307b8b02-1ca2-3493-bc59-a4fd34799ef1,XLS-ENTREGAS-A-CLIENTES-2026-962-R70,19f4f95b-780e-3c2f-84a2-061148973523,DISPATCH,a861ff17-e8de-3618-b519-6667d124417a,,75299686-c46d-3797-bdf3-bb9d84b9a980,30120.000,2026-07-23 00:00:00-03:00,CONFIRMED,962,cargo en pancani | DTV: 14156365-3 | Calibre: recibo,excel_import,Planilla de movimientos 2026.xls,Entregas a clientes 2026,70
1c815f42-d176-3ad5-98ac-cb532c96a295,XLS-ENTREGAS-A-CLIENTES-2026-963-R71,2199be8e-0c88-3904-8dd5-54461f5ad017,DISPATCH,dd91ddb2-261a-3729-abd7-ee7462caa207,,66fa6e10-190b-30fe-9eef-da71bb811d33,14700.000,2026-07-23 00:00:00-03:00,CONFIRMED,963,cargo en sasula | DTV: 14157443-4 | Calibre: recibo,excel_import,Planilla de movimientos 2026.xls,Entregas a clientes 2026,71
c9ba443a-05a7-37a3-8bfa-a52488330e87,XLS-ENTREGAS-A-CLIENTES-2026-964-R72,2199be8e-0c88-3904-8dd5-54461f5ad017,DISPATCH,dd91ddb2-261a-3729-abd7-ee7462caa207,,3ad16131-3c36-348f-b4bf-30fdd4175c93,4900.000,2026-07-23 00:00:00-03:00,CONFIRMED,964,cargo en sasula | DTV: 14157514-7 | Calibre: recibo,excel_import,Planilla de movimientos 2026.xls,Entregas a clientes 2026,72
2fc24ad2-dce7-3d91-8984-cc167e77e6bc,XLS-ENTREGAS-A-CLIENTES-2026-965-R73,2199be8e-0c88-3904-8dd5-54461f5ad017,DISPATCH,dd91ddb2-261a-3729-abd7-ee7462caa207,,589d9818-a0b5-3b94-8620-c9d879330f2c,9800.000,2026-07-23 00:00:00-03:00,CONFIRMED,965,cargo en sasula | DTV: 14158412-8 | Calibre: recibo,excel_import,Planilla de movimientos 2026.xls,Entregas a clientes 2026,73
f9998b49-ba85-3236-9340-99a3fcd11255,XLS-ENTREGAS-A-CLIENTES-2026-966-R74,2199be8e-0c88-3904-8dd5-54461f5ad017,DISPATCH,dd91ddb2-261a-3729-abd7-ee7462caa207,,8653beef-bb8b-37dc-b8fb-8d610bba4c81,1220.000,2026-07-23 00:00:00-03:00,CONFIRMED,966,cargo en sasula -sobrante de kilos a s.v.r | DTV: sin dtv | Calibre: recibo,excel_import,Planilla de movimientos 2026.xls,Entregas a clientes 2026,74
a8e17236-c2d7-385e-a30f-d6456f3c03d2,XLS-ENTREGAS-A-CLIENTES-2026-967-R75,bfb26250-d818-3a09-ac5c-bc3dc5a42a78,DISPATCH,dd91ddb2-261a-3729-abd7-ee7462caa207,,8653beef-bb8b-37dc-b8fb-8d610bba4c81,29320.000,2026-07-24 00:00:00-03:00,CONFIRMED,967,cargo en sasula | DTV: dtv p/anular. | Calibre: recibo,excel_import,Planilla de movimientos 2026.xls,Entregas a clientes 2026,75
df816e19-bbf4-3636-a891-9d5d3fd2c8be,XLS-ENTREGAS-A-CLIENTES-2026-968-R76,bef23c17-7448-3eeb-90a6-05b05535b2b0,DISPATCH,617354b4-8a9b-3cdf-9083-9f247d037fcd,,b38e43c4-95e2-33f9-b0a3-1280e26f1af4,29900.000,2026-07-24 00:00:00-03:00,CONFIRMED,968,cargo en planta | DTV: 14164495-5 | Calibre: recibo,excel_import,Planilla de movimientos 2026.xls,Entregas a clientes 2026,76
2239999b-a735-392f-816e-20dc29bdb2e8,XLS-ENTREGAS-A-CLIENTES-2026-970-R77,ff756869-cf84-3e9c-8a59-416853e8d042,DISPATCH,e19becd6-3196-3358-91f5-efd95375a947,,4ff516dd-5495-3f73-9efb-89cc43c4649b,31580.000,2026-07-24 00:00:00-03:00,CONFIRMED,970,cargo en cecive | DTV: 14164730-5 | Calibre: exportacion,excel_import,Planilla de movimientos 2026.xls,Entregas a clientes 2026,77
a4e280ab-0b13-37ff-8f5d-d21e9098c3bf,XLS-ENTREGAS-A-CLIENTES-2026-971-R78,bfb26250-d818-3a09-ac5c-bc3dc5a42a78,DISPATCH,dd91ddb2-261a-3729-abd7-ee7462caa207,,b38e43c4-95e2-33f9-b0a3-1280e26f1af4,28900.000,2026-07-25 00:00:00-03:00,CONFIRMED,971,cargo en sasula | DTV: 14169719-6 | Calibre: recibo,excel_import,Planilla de movimientos 2026.xls,Entregas a clientes 2026,78
a160dab8-0ae5-3e7f-bf3e-59a3bfcda44f,XLS-ENTREGAS-A-CLIENTES-2026-972-R79,d17e9504-db28-3f91-bb47-26f249630bea,DISPATCH,e19becd6-3196-3358-91f5-efd95375a947,,069163ee-2d7f-3cc1-9593-4bc62dc6b89b,28420.000,2026-07-25 00:00:00-03:00,CONFIRMED,972,cargo en cecive | DTV: dtv p/anular. | Calibre: recibo,excel_import,Planilla de movimientos 2026.xls,Entregas a clientes 2026,79
c6dc7ef5-7c01-34cc-91e4-440033e03191,XLS-ENTREGAS-A-CLIENTES-2026-973-R80,2199be8e-0c88-3904-8dd5-54461f5ad017,DISPATCH,dd91ddb2-261a-3729-abd7-ee7462caa207,,f73b4bd3-8829-37b4-9f69-32608cc8a41b,24500.000,2026-07-27 00:00:00-03:00,CONFIRMED,973,cargo en sasula | DTV: 14177224-4 | Calibre: recibo,excel_import,Planilla de movimientos 2026.xls,Entregas a clientes 2026,80
99d68449-c6eb-36c2-8c6b-54a51cc2aa01,XLS-ENTREGAS-A-CLIENTES-2026-974-R81,bef23c17-7448-3eeb-90a6-05b05535b2b0,DISPATCH,617354b4-8a9b-3cdf-9083-9f247d037fcd,,07aae5b1-06b1-3468-ac1b-a30feb6b5f13,7124.000,2026-07-27 00:00:00-03:00,CONFIRMED,974,cargo en planta | DTV: sin dtv | Calibre: recibo,excel_import,Planilla de movimientos 2026.xls,Entregas a clientes 2026,81
0ec073bd-3bc3-3467-9972-98765408019b,XLS-ENTREGAS-A-CLIENTES-2026-975-R82,bef23c17-7448-3eeb-90a6-05b05535b2b0,DISPATCH,e19becd6-3196-3358-91f5-efd95375a947,,90e51361-4732-3ef8-8acd-c2d0f2d6a10b,12250.000,2026-07-28 00:00:00-03:00,CONFIRMED,975,cargo en cecive | DTV: 14182377-9 | Calibre: recibo,excel_import,Planilla de movimientos 2026.xls,Entregas a clientes 2026,82
e14b5a6e-40f3-371f-9299-d611dc156a2d,XLS-ENTREGAS-A-CLIENTES-2026-976-R83,bef23c17-7448-3eeb-90a6-05b05535b2b0,DISPATCH,e19becd6-3196-3358-91f5-efd95375a947,,6608356e-bdd8-333f-baed-c9f7a688b8d1,5880.000,2026-07-28 00:00:00-03:00,CONFIRMED,976,cargo en cecive | DTV: 14182439-2 | Calibre: recibo,excel_import,Planilla de movimientos 2026.xls,Entregas a clientes 2026,83
1abeca53-9059-3700-a0b2-1c9203f7b195,XLS-ENTREGAS-A-CLIENTES-2026-977-R84,bef23c17-7448-3eeb-90a6-05b05535b2b0,DISPATCH,e19becd6-3196-3358-91f5-efd95375a947,,68ee60df-1ebe-32b8-8bda-a7100d84fcaf,7350.000,2026-07-28 00:00:00-03:00,CONFIRMED,977,cargo en cecive | DTV: sin dtv | Calibre: recibo,excel_import,Planilla de movimientos 2026.xls,Entregas a clientes 2026,84
cf8a4d09-b91b-3715-a346-aa8795ded35c,XLS-ENTREGAS-A-CLIENTES-2026-978-R85,bef23c17-7448-3eeb-90a6-05b05535b2b0,DISPATCH,e19becd6-3196-3358-91f5-efd95375a947,,07aae5b1-06b1-3468-ac1b-a30feb6b5f13,3920.000,2026-07-28 00:00:00-03:00,CONFIRMED,978,cargo en cecive | DTV: sin dtv | Calibre: recibo,excel_import,Planilla de movimientos 2026.xls,Entregas a clientes 2026,85
5acffa8d-11fc-3096-bfe9-dcc67e045b86,XLS-ENTREGAS-A-CLIENTES-2026-979-R86,321479d3-9daa-3961-80a0-63479a27490f,DISPATCH,617354b4-8a9b-3cdf-9083-9f247d037fcd,,f8ca8cc9-367a-30ee-bedf-62979c028984,36760.000,2026-07-28 00:00:00-03:00,CONFIRMED,979,cargo en planta | DTV: 14186441-6 | Calibre: recibo,excel_import,Planilla de movimientos 2026.xls,Entregas a clientes 2026,86
c085eff1-836b-3a23-ae30-7f2fb10851fd,XLS-ENTREGAS-A-CLIENTES-2026-981-R87,19f4f95b-780e-3c2f-84a2-061148973523,DISPATCH,e19becd6-3196-3358-91f5-efd95375a947,,03cc1f6a-5d6c-325d-92ab-c55e3d1d87b8,19584.000,2026-07-29 00:00:00-03:00,CONFIRMED,981,cargo en cecive | DTV: 14194729-5 | Categoría: repasada | Calibre: recibo,excel_import,Planilla de movimientos 2026.xls,Entregas a clientes 2026,87
91e857b5-a874-3e31-91a9-92638d041163,XLS-ENTREGAS-A-CLIENTES-2026-982-R88,62dc7daf-0136-33ba-abe1-6a78f65c0879,DISPATCH,617354b4-8a9b-3cdf-9083-9f247d037fcd,,3e2e1436-5db1-377b-904c-bac26c8f766a,9100.000,2026-07-31 00:00:00-03:00,CONFIRMED,982,cargo en planta | DTV: 14252825-8 | Categoría: repasada | Calibre: recibo,excel_import,Planilla de movimientos 2026.xls,Entregas a clientes 2026,88
523c8ff1-00c8-3614-ad97-0d509d30d67d,XLS-ENTREGAS-A-CLIENTES-2026-983-R89,19f4f95b-780e-3c2f-84a2-061148973523,DISPATCH,e19becd6-3196-3358-91f5-efd95375a947,,f8ca8cc9-367a-30ee-bedf-62979c028984,15096.000,2026-07-29 00:00:00-03:00,CONFIRMED,983,cargo en cecive | DTV: 14195019-5 | Categoría: repasada | Calibre: recibo,excel_import,Planilla de movimientos 2026.xls,Entregas a clientes 2026,89
6f9ff2ab-b099-3198-b6b7-491d6b6f20bc,XLS-ENTREGAS-A-CLIENTES-2026-984-R90,321479d3-9daa-3961-80a0-63479a27490f,DISPATCH,617354b4-8a9b-3cdf-9083-9f247d037fcd,,03cc1f6a-5d6c-325d-92ab-c55e3d1d87b8,29400.000,2026-07-29 00:00:00-03:00,CONFIRMED,984,cargo en planta | DTV: 14195515-2 | Categoría: repasada | Calibre: recibo,excel_import,Planilla de movimientos 2026.xls,Entregas a clientes 2026,90
2a672393-4a46-3989-9bd1-1b9e2c2bb99a,XLS-ENTREGAS-A-CLIENTES-2026-985-R91,8fafd75b-1f76-3b8c-97aa-80d3cdea22f7,DISPATCH,e19becd6-3196-3358-91f5-efd95375a947,,2492d70c-9f1f-35bc-b80e-86afbc5c9f54,15200.000,2026-07-31 00:00:00-03:00,CONFIRMED,985,cargo en cecive | DTV: 14202102-1 | Calibre: recibo,excel_import,Planilla de movimientos 2026.xls,Entregas a clientes 2026,91
26c7e43b-70d0-36e3-a122-1017c757a6cf,XLS-ENTREGAS-A-CLIENTES-2026-986-R92,eaad3bc5-a11f-30e3-907d-633e33f8cf10,DISPATCH,e19becd6-3196-3358-91f5-efd95375a947,,77d3bbde-d14a-36d9-97f9-1c2cad86af2b,4900.000,2026-07-31 00:00:00-03:00,CONFIRMED,986,cargo en cecive | DTV: 14202415-2 | Calibre: recibo,excel_import,Planilla de movimientos 2026.xls,Entregas a clientes 2026,92
06884e9a-edb1-378a-aeca-499482a2206d,XLS-ENTREGAS-A-CLIENTES-2026-987-R93,19f4f95b-780e-3c2f-84a2-061148973523,DISPATCH,617354b4-8a9b-3cdf-9083-9f247d037fcd,,b262afb4-ac34-3e33-9748-0cea6c72613e,19600.000,2026-08-01 00:00:00-03:00,CONFIRMED,987,cargo en planta | DTV: 14208496-1 | Calibre: recibo,excel_import,Planilla de movimientos 2026.xls,Entregas a clientes 2026,93
ca621516-5477-33dc-856d-3cb2141b8309,XLS-ENTREGAS-A-CLIENTES-2026-988-R94,19f4f95b-780e-3c2f-84a2-061148973523,DISPATCH,617354b4-8a9b-3cdf-9083-9f247d037fcd,,dd06f7a7-bec1-359c-bd11-8a281d9d4b6d,4900.000,2026-08-01 00:00:00-03:00,CONFIRMED,988,cargo en planta | DTV: 14208673-5 | Calibre: recibo,excel_import,Planilla de movimientos 2026.xls,Entregas a clientes 2026,94
29c38b05-4499-3bb0-8ea1-45be1063c0d1,XLS-ENTREGAS-A-CLIENTES-2026-989-R95,19f4f95b-780e-3c2f-84a2-061148973523,DISPATCH,617354b4-8a9b-3cdf-9083-9f247d037fcd,,f73b4bd3-8829-37b4-9f69-32608cc8a41b,2240.000,2026-08-01 00:00:00-03:00,CONFIRMED,989,cargo en planta | DTV: sin dtv | Calibre: recibo,excel_import,Planilla de movimientos 2026.xls,Entregas a clientes 2026,95
d8a68957-a6ef-36eb-8a96-98f42f04b0ae,XLS-ENTREGAS-A-CLIENTES-2026-990-R96,2199be8e-0c88-3904-8dd5-54461f5ad017,DISPATCH,617354b4-8a9b-3cdf-9083-9f247d037fcd,,03cc1f6a-5d6c-325d-92ab-c55e3d1d87b8,7854.000,2026-08-01 00:00:00-03:00,CONFIRMED,990,cargo en planta | DTV: 14208757-5 anular | Calibre: recibo,excel_import,Planilla de movimientos 2026.xls,Entregas a clientes 2026,96
12fc992b-bc04-3808-ae1e-6e48c371b42f,XLS-ENTREGAS-A-CLIENTES-2026-991-R97,eaad3bc5-a11f-30e3-907d-633e33f8cf10,DISPATCH,e19becd6-3196-3358-91f5-efd95375a947,,fa56295d-2bce-3710-ac22-3cbf4549a77b,29700.000,2026-08-01 00:00:00-03:00,CONFIRMED,991,cargo en cecive | DTV: 14208970-5 | Calibre: recibo,excel_import,Planilla de movimientos 2026.xls,Entregas a clientes 2026,97
6618e7bc-64c9-3861-9e65-55892be1192f,XLS-ENTREGAS-A-CLIENTES-2026-992-R98,19f4f95b-780e-3c2f-84a2-061148973523,DISPATCH,e19becd6-3196-3358-91f5-efd95375a947,,24e54888-7e7d-3b59-84df-d35ff36ac8fd,30720.000,2026-08-01 00:00:00-03:00,CONFIRMED,992,cargo en cecive | DTV: 14209234-4 | Categoría: elias agüero | Calibre: recibo,excel_import,Planilla de movimientos 2026.xls,Entregas a clientes 2026,98
46c43a34-dc5f-393b-84bd-91037d520af2,XLS-ENTREGAS-A-CLIENTES-2026-992-R99,eaad3bc5-a11f-30e3-907d-633e33f8cf10,DISPATCH,e19becd6-3196-3358-91f5-efd95375a947,,24e54888-7e7d-3b59-84df-d35ff36ac8fd,200.000,2026-08-01 00:00:00-03:00,CONFIRMED,992,cargo en cecive | DTV: idem | Categoría: elias agüero | Calibre: recibo,excel_import,Planilla de movimientos 2026.xls,Entregas a clientes 2026,99
3395ff70-74b5-3a02-89d9-0c491a8a7783,XLS-ENTREGAS-A-CLIENTES-2026-992-R100,542b367d-ae28-3cf3-a2f8-e156378497d6,DISPATCH,617354b4-8a9b-3cdf-9083-9f247d037fcd,,24e54888-7e7d-3b59-84df-d35ff36ac8fd,200.000,2026-08-01 00:00:00-03:00,CONFIRMED,992,cargo en planta | DTV: idem | Categoría: elias agüero | Calibre: exportacion,excel_import,Planilla de movimientos 2026.xls,Entregas a clientes 2026,100
ab9f2cc7-4062-3d8d-a331-443e036d90d0,XLS-ENTREGAS-A-CLIENTES-2026-993-R101,ef295a72-5836-37f5-acb3-5489fe0bbfd2,DISPATCH,617354b4-8a9b-3cdf-9083-9f247d037fcd,,4ff516dd-5495-3f73-9efb-89cc43c4649b,12880.000,2026-08-08 00:00:00-03:00,CONFIRMED,993,cargo en planta | DTV: 14151509-8 | Calibre: recibo,excel_import,Planilla de movimientos 2026.xls,Entregas a clientes 2026,101
2ae82d0c-7ff9-374f-b4f1-ce40018acd52,XLS-ENTREGAS-A-CLIENTES-2026-993-R102,ff756869-cf84-3e9c-8a59-416853e8d042,DISPATCH,617354b4-8a9b-3cdf-9083-9f247d037fcd,,4ff516dd-5495-3f73-9efb-89cc43c4649b,21127.000,2026-08-08 00:00:00-03:00,CONFIRMED,993,cargo en planta | DTV: 14256206-5 | Calibre: exportacion,excel_import,Planilla de movimientos 2026.xls,Entregas a clientes 2026,102
2d17511f-f0fb-3ee2-adb2-f2206bbee243,XLS-ENTREGAS-A-CLIENTES-2026-993-R103,ff756869-cf84-3e9c-8a59-416853e8d042,DISPATCH,617354b4-8a9b-3cdf-9083-9f247d037fcd,,4ff516dd-5495-3f73-9efb-89cc43c4649b,6072.000,2026-08-08 00:00:00-03:00,CONFIRMED,993,cargo en planta | DTV: idem | Calibre: sin chicas,excel_import,Planilla de movimientos 2026.xls,Entregas a clientes 2026,103
57827063-e2b3-30dc-9f9f-4b90b1dd68b4,XLS-ENTREGAS-A-CLIENTES-2026-994-R104,4d6d5cfe-c305-3859-825c-a6ec123a00ef,DISPATCH,617354b4-8a9b-3cdf-9083-9f247d037fcd,,e428542f-25b0-374c-b19c-ff33a2634a24,3800.000,2026-08-10 00:00:00-03:00,CONFIRMED,994,cargo en planta | Calibre: exportacion,excel_import,Planilla de movimientos 2026.xls,Entregas a clientes 2026,104
b8e4bf32-8256-3cb4-b891-93e40bd621d1,XLS-ENTREGAS-A-CLIENTES-2026-994-R105,c3698745-9028-35d2-9d5c-4fc46df8c9b7,DISPATCH,617354b4-8a9b-3cdf-9083-9f247d037fcd,,e428542f-25b0-374c-b19c-ff33a2634a24,1300.000,2026-08-10 00:00:00-03:00,CONFIRMED,994,cargo en planta | Calibre: recibo,excel_import,Planilla de movimientos 2026.xls,Entregas a clientes 2026,105
79ee48c0-ddd9-3cb7-8abc-bc096ead250d,XLS-ENTREGAS-A-CLIENTES-2026-994-R106,eaad3bc5-a11f-30e3-907d-633e33f8cf10,DISPATCH,617354b4-8a9b-3cdf-9083-9f247d037fcd,,e428542f-25b0-374c-b19c-ff33a2634a24,300.000,2026-08-10 00:00:00-03:00,CONFIRMED,994,cargo en planta | Calibre: recibo,excel_import,Planilla de movimientos 2026.xls,Entregas a clientes 2026,106
fe6f45e4-a4e5-319b-9ae1-9eea63e73771,XLS-ENTREGAS-A-CLIENTES-2026-994-R107,ff756869-cf84-3e9c-8a59-416853e8d042,DISPATCH,617354b4-8a9b-3cdf-9083-9f247d037fcd,,e428542f-25b0-374c-b19c-ff33a2634a24,1250.000,2026-08-10 00:00:00-03:00,CONFIRMED,994,cargo en planta | Calibre: sin chicas,excel_import,Planilla de movimientos 2026.xls,Entregas a clientes 2026,107
2ce5535b-d4a2-33a0-8149-02d2b5043911,XLS-ENTREGAS-A-CLIENTES-2026-995-R108,321479d3-9daa-3961-80a0-63479a27490f,DISPATCH,617354b4-8a9b-3cdf-9083-9f247d037fcd,,03cc1f6a-5d6c-325d-92ab-c55e3d1d87b8,9800.000,2026-08-10 00:00:00-03:00,CONFIRMED,995,cargo en planta | DTV: 14265464-4 | Calibre: recibo,excel_import,Planilla de movimientos 2026.xls,Entregas a clientes 2026,108
4d7e52ea-87e9-3cad-90ee-4926eca7d017,XLS-ENTREGAS-A-CLIENTES-2026-996-R109,321479d3-9daa-3961-80a0-63479a27490f,DISPATCH,617354b4-8a9b-3cdf-9083-9f247d037fcd,,f8ca8cc9-367a-30ee-bedf-62979c028984,7350.000,2026-08-10 00:00:00-03:00,CONFIRMED,996,cargo en planta | DTV: 14265521-7 | Calibre: recibo,excel_import,Planilla de movimientos 2026.xls,Entregas a clientes 2026,109
7f68da1e-621d-3566-b170-810b320d58a7,XLS-ENTREGAS-A-CLIENTES-2026-997-R110,321479d3-9daa-3961-80a0-63479a27490f,DISPATCH,617354b4-8a9b-3cdf-9083-9f247d037fcd,,f73b4bd3-8829-37b4-9f69-32608cc8a41b,7350.000,2026-08-10 00:00:00-03:00,CONFIRMED,997,cargo en planta | DTV: 14265673-6 | Calibre: recibo,excel_import,Planilla de movimientos 2026.xls,Entregas a clientes 2026,110
58e5eb39-5749-39ae-bb93-5cecd26f36c6,XLS-ENTREGAS-A-CLIENTES-2026-998-R111,321479d3-9daa-3961-80a0-63479a27490f,DISPATCH,617354b4-8a9b-3cdf-9083-9f247d037fcd,,843215ff-7e17-3774-8ec6-dd55dceebb12,7350.000,2026-08-10 00:00:00-03:00,CONFIRMED,998,cargo en planta | DTV: sin dtv | Calibre: recibo,excel_import,Planilla de movimientos 2026.xls,Entregas a clientes 2026,111
6ed75f81-791d-30ad-9d9b-009866470251,XLS-ENTREGAS-A-CLIENTES-2026-999-R112,eaad3bc5-a11f-30e3-907d-633e33f8cf10,DISPATCH,e19becd6-3196-3358-91f5-efd95375a947,,971cc311-d131-33e0-8190-df3bf9682afc,19600.000,2026-08-10 00:00:00-03:00,CONFIRMED,999,cargo en cecive | DTV: 14266228-0 | Calibre: recibo,excel_import,Planilla de movimientos 2026.xls,Entregas a clientes 2026,112
22c44a4c-f790-3c1a-94cc-08baa202130a,XLS-ENTREGAS-A-CLIENTES-2026-1000-R113,eaad3bc5-a11f-30e3-907d-633e33f8cf10,DISPATCH,e19becd6-3196-3358-91f5-efd95375a947,,c2a9c3a5-0db0-3f65-ac42-812021982955,9800.000,2026-08-10 00:00:00-03:00,CONFIRMED,1000,cargo en cecive | DTV: 14266375-9 | Calibre: recibo,excel_import,Planilla de movimientos 2026.xls,Entregas a clientes 2026,113
fd42772e-ff3f-324f-879f-9b12e09d4f74,XLS-ENTREGAS-A-CLIENTES-2026-1001-R114,eaad3bc5-a11f-30e3-907d-633e33f8cf10,DISPATCH,e19becd6-3196-3358-91f5-efd95375a947,,c2a9c3a5-0db0-3f65-ac42-812021982955,24500.000,2026-08-11 00:00:00-03:00,CONFIRMED,1001,cargo en cecive | DTV: 14269633-9 | Calibre: recibo,excel_import,Planilla de movimientos 2026.xls,Entregas a clientes 2026,114
0643bba1-b762-300d-974e-8b7a5ca7e14b,XLS-ENTREGAS-A-CLIENTES-2026-1002-R115,8fafd75b-1f76-3b8c-97aa-80d3cdea22f7,DISPATCH,e19becd6-3196-3358-91f5-efd95375a947,,5c2756c1-495a-3731-b6fa-66c994b65854,12250.000,2026-08-12 00:00:00-03:00,CONFIRMED,1002,cargo en cecive | DTV: 14284030-8( anular) | Calibre: recibo,excel_import,Planilla de movimientos 2026.xls,Entregas a clientes 2026,115
adbc2085-fbbf-3c6c-a6cf-0196b0e12165,XLS-ENTREGAS-A-CLIENTES-2026-1003-R116,8fafd75b-1f76-3b8c-97aa-80d3cdea22f7,DISPATCH,e19becd6-3196-3358-91f5-efd95375a947,,f58577db-7b6a-3f6e-a038-f5cc76f10f59,9800.000,2026-08-12 00:00:00-03:00,CONFIRMED,1003,cargo en cecive | DTV: ANULADO | Calibre: recibo,excel_import,Planilla de movimientos 2026.xls,Entregas a clientes 2026,116
585df8e8-b150-337b-ba77-de5a269506ec,XLS-ENTREGAS-A-CLIENTES-2026-1004-R117,8fafd75b-1f76-3b8c-97aa-80d3cdea22f7,DISPATCH,e19becd6-3196-3358-91f5-efd95375a947,,4b508d7b-75fb-3695-b4bc-706dac76ee99,1715.000,2026-08-12 00:00:00-03:00,CONFIRMED,1004,cargo en cecive | DTV: ANULADO | Calibre: recibo,excel_import,Planilla de movimientos 2026.xls,Entregas a clientes 2026,117
749f8f98-2af9-397d-9881-ad2435390c02,XLS-ENTREGAS-A-CLIENTES-2026-1005-R118,8fafd75b-1f76-3b8c-97aa-80d3cdea22f7,DISPATCH,e19becd6-3196-3358-91f5-efd95375a947,,3eb6aa9a-4294-3a44-992c-ecd3690b1659,3900.000,2026-08-12 00:00:00-03:00,CONFIRMED,1005,cargo en cecive | DTV: ANULADO | Calibre: recibo,excel_import,Planilla de movimientos 2026.xls,Entregas a clientes 2026,118
